Country,Countrycode2,Countrycode3,Year,POP,Incomegroup,Mean,Median,Gini,Source,D1,D2,D3,D4,D5,D6,D7,D8,D9,D10,Q1,Q2,Q3,Q4,Q5,P5,P95,Revision,Quality,Region,Currency,Reference_period,Welfaredefn,Currency_Unit,IncSharU,UofAnala,Equivsc,AreaCovr,PopCovr,AgeCovr,isEu,isOECD,exchrate_penn
Ghana,GH,GHA,1989,14.392619,Lower middle income,957.6,0,36,World Bank Poverty Monitoring Database 2002,2.87,4.12,5.24,6.3,7.41,8.62,10.06,12,15.24,28.14,6.99,11.54,16.03,22.06,43.38,,,,Average,Africa,USD,Month,Expenditure,,Household,Person,Household Per Capita,All,All,All,,,1
Mali,ML,MLI,1989,8.513337,Low income,921.6,0,36.5,World Bank Poverty Monitoring Database 2002,2.95,4.08,5.14,6.19,7.27,8.49,9.96,11.95,15.31,28.66,7.03,11.33,15.76,21.91,43.97,,,,Average,Africa,USD,Month,Expenditure,,Household,Person,Household Per Capita,All,All,All,,,1
Uganda,UG,UGA,1989,17.088426,Low income,,,37.7,WB Uganda 1995,,,,,,,,,,,,,,,,,,,Low,Africa,,,Expenditure,,Household,Person,Household Adult Equiv,Other,All,All,,,
Uganda,UG,UGA,1989,17.088426,Low income,,,37.3,WB Uganda 1995,,,,,,,,,,,,,,,,,,,Low,Africa,,,Expenditure,,Household,Person,Household Adult Equiv,Other,All,All,,,
Uganda,UG,UGA,1989,17.088426,Low income,691.2,0,44.4,World Bank Poverty Monitoring Database 2002,1.93,3.01,4.08,5.2,6.42,7.83,9.59,12.02,16.22,33.7,4.94,9.28,14.25,21.61,49.92,,,,Low,Africa,USD,Month,Expenditure,,Household,Person,Household Adult Equiv,Other,All,All,,,1
Uganda,UG,UGA,1989,17.088426,Low income,,,36.4,WB Uganda 1995,,,,,,,,,,,,,,,,,,,Low,Africa,,,Expenditure,,Household,Person,Household Adult Equiv,Other,All,All,,,
Ghana,GH,GHA,1989,14.392619,Lower middle income,27.52442770904079,0,46.2,"Deininger & Squire, World Bank 2004",1.832226,2.990087,3.963699,4.868241,5.844897,6.967047,8.548827,11.01746,15.38937,38.57814,4.822313,8.83194,12.811944,19.566287,53.96751,,,,Low,Africa,Cedis,Year,Expenditure,,Household,Person,Household Per Capita,All,All,All,,,269.8548387097
Mauritania,MR,MRT,1989,1.9429,Lower middle income,847.1999133062817,0,46,"Deininger & Squire, World Bank 2004",1.052476,2.331136,3.439778,4.581963,5.859365,7.381401,9.092095,11.70822,16.46699,38.08657,3.383612,8.021741,13.240766,20.800315,54.55356,,,,Low,Africa,Ringgits,Month,Expenditure,,Household,Person,Household Per Capita,All,All,All,,,83.051
Sierra Leone,SL,SLE,1989,3.931817,Low income,,,62.9,World Bank Poverty Monitoring Database 2002,0.5,0.57,0.81,1.22,3.49,6.31,9.74,13.92,19.89,43.55,1.07,2.03,9.8,23.66,63.44,,,,Low,Africa,,,Expenditure,,Household,Person,Household Per Capita,All,All,All,,,
Ghana,GH,GHA,1989,14.392619,Lower middle income,16.680078895462113,0,48.8,"Deininger & Squire, World Bank 2004",1.041476,2.220742,3.148857,4.270299,5.494299,6.956652,8.888058,11.74691,17.25061,38.9821,3.262218,7.419156,12.450951,20.634968,56.23271,,,,Low,Africa,Cedis,Year,"Income,Gross",,Household,Person,Household Per Capita,All,All,All,,,269.8548387097
Mauritania,MR,MRT,1989,1.9429,Lower middle income,400.46718281537846,0,68,"Deininger & Squire, World Bank 2004",0.1193586,0.463964,0.932734,1.577415,2.55577,3.894517,5.800085,8.473714,14.28323,61.89921,0.5833226,2.510149,6.450287,14.273799,76.18244,,,,Low,Africa,Ringgits,Month,"Income,Gross",,Household,Person,Household Per Capita,All,All,All,,,83.051
Tunisia,TN,TUN,1990,8.215111,Upper middle income,,,41,TINS 1993,,,,,,,,,,,,,,,,,,,Low,Africa,,,Expenditure,,,Person,,All,All,All,,,
Tunisia,TN,TUN,1990,8.215111,Upper middle income,2448,0,40.2,World Bank Poverty Monitoring Database 2002,2.28,3.58,4.66,5.75,6.95,8.32,9.97,12.16,15.64,30.69,5.86,10.41,15.27,22.13,46.33,,,,Low,Africa,USD,Month,Expenditure,,Household,Person,Household Per Capita,All,All,All,,,1
Zimbabwe,ZW,ZWE,1990,10.469202,Low income,,,56.8,World Bank Poverty Monitoring Database 2002,1.75,2.23,2.79,3.5,4.4,5.61,7.33,10.05,15.4,46.94,3.98,6.29,10.01,17.38,62.34,,,,Low,Africa,,,Expenditure,,Household,Person,Household Per Capita,All,All,All,,,
South Africa,ZA,ZAF,1990,36.793907,Upper middle income,,,63,CSO - IES Web 14 June 1999,,,,,,,,,,,,,,,,,,,Average,Africa,,,"Income,Gross",,Household,Person,Household Per Capita,Other,All,All,,,
Mauritius,MU,MUS,1991,1.07325,Upper middle income,4985.59051727724,4063.2984378854944,37.9,Mauritius CSO 2002,,,,,,,,,,,,,,,,,,New 2007,Average,Africa,Rupees,Month,"Income,Disposable",,Household,Household,Without Adjustment,All,All,All,,,15.6523083333
Morocco,MA,MAR,1991,25.237951,Lower middle income,2541.6,0,39.2,World Bank Poverty Monitoring Database 2002,2.81,3.76,4.72,5.73,6.84,8.13,9.74,11.97,15.81,30.49,6.57,10.45,14.97,21.71,46.3,,,,Average,Africa,USD,Month,Expenditure,,Household,Person,Household Per Capita,All,All,All,,,1
Morocco,MA,MAR,1991,25.237951,Lower middle income,,,31.2,WB Morocco 1994,3.7,,,,,,,,,25,,,,,,,,,Average,Africa,,,Expenditure,,Household,Person,Household Per Capita,Other,All,All,,,
Morocco,MA,MAR,1991,25.237951,Lower middle income,,,38.2,WB Morocco 1994,2.6,,,,,,,,,29.2,,,,,,,,,Average,Africa,,,Expenditure,,Household,Person,Household Per Capita,Other,All,All,,,
Guinea,GN,GIN,1991,6.083795,Low income,145.69851067238432,0,48.6,"Deininger & Squire, World Bank 2004",0.8391403,2.091799,3.222469,4.44252,5.853294,7.532103,9.584793,12.33388,16.8828,37.2172,2.9309393,7.664989,13.385397,21.918673,54.1,,,,Low,Africa,Guinean F,Month,Expenditure,,Household,Person,Household Per Capita,All,All,All,,,753.8580833333
Guinea,GN,GIN,1991,6.083795,Low income,,,46.8,"World Bank, World Development Report 1998/1999",0.9,,,,,,,,,31.7,3,8.3,14.6,23.9,50.2,,,,Low,Africa,,,Expenditure,,Household,Person,Household Per Capita,All,All,All,,,
Guinea-Bissau,GW,GNB,1991,1.037431,Low income,,,56.1,World Bank Poverty Monitoring Database 2002,,,,,,,,,,,2.06,6.47,12.02,20.59,58.86,,,,Low,Africa,,,Expenditure,,Household,Person,Household Per Capita,All,All,All,,,
Senegal,SN,SEN,1991,7.461567,Lower middle income,765.6,0,54.1,World Bank Poverty Monitoring Database 2002,1.36,2.14,3,3.97,5.11,6.49,8.32,10.99,15.8,42.82,3.5,6.97,11.6,19.31,58.62,,,,Low,Africa,USD,Month,Expenditure,,Household,Person,Household Per Capita,All,All,All,,,1
Senegal,SN,SEN,1991,7.461567,Lower middle income,714.5461302283144,0,55,"Deininger & Squire, World Bank 2004",0.6324748,1.434686,2.193317,2.976062,3.910776,5.057061,6.541159,9.1023,14.38535,53.76681,2.0671608,5.169379,8.967837,15.643459,68.15216,,,,Low,Africa,XOF,Month,Expenditure,,Household,Person,Household Per Capita,All,All,All,,,282.1069088088
Tanzania,TZ,TZA,1991,25.630511,Low income,794.4,0,59,World Bank Poverty Monitoring Database 2002,0.86,1.58,2.39,3.34,4.49,5.94,7.88,10.82,16.25,46.45,2.44,5.73,10.43,18.7,62.7,,,,Low,Africa,USD,Month,Expenditure,,Household,Person,Household Per Capita,All,All,All,,,1
Zambia,ZM,ZMB,1991,8.067972,Lower middle income,468,0,48.3,World Bank Poverty Monitoring Database 2002,1.26,2.13,3.14,4.34,5.78,7.62,10.05,13.54,19.33,32.81,3.39,7.48,13.4,23.59,52.14,,,,Low,Africa,USD,Month,Expenditure,,Household,Person,Household Per Capita,All,All,All,,,1
Zambia,ZM,ZMB,1991,8.067972,Lower middle income,261.1274158751805,0,60.5,"Deininger & Squire, World Bank 2004",0.1406508,0.7669125,1.848615,3.30243,4.922578,6.791573,9.125821,12.30166,17.84091,42.95884,0.9075633,5.151045,11.714151,21.427481,60.79975,,,,Low,Africa,Kwacha,Month,Expenditure,,Household,Person,Household Per Capita,All,All,All,,,64.6397083333
Tanzania,TZ,TZA,1991,25.630511,Low income,276.28998790439044,0,72,Ferreira 1996,,,,,,,,,,,,,,,,,,,Low,Africa,Shillings91,Year,"Income,Gross",,Household,Person,Household Adult Equiv,Other,All,All,,,219.1574166667
Guinea,GN,GIN,1991,6.083795,Low income,152.99537479258765,0,68.5,"Deininger & Squire, World Bank 2004",0.453298,0.9676538,1.39343,1.876912,2.512764,3.47523,5.091703,8.628617,16.36674,59.23365,1.4209518,3.270342,5.987994,13.72032,75.60039,,,,Low,Africa,Guinean F,Month,"Income,Gross",,Household,Person,Household Per Capita,All,All,All,,,753.8580833333
Senegal,SN,SEN,1991,7.461567,Lower middle income,675.5311339402948,0,61.2,"Deininger & Squire, World Bank 2004",0.3970296,0.9695132,1.541554,2.270389,3.18215,4.378671,5.980462,8.748041,14.57797,57.95422,1.3665428,3.811943,7.560821,14.728503,72.53219,,,,Low,Africa,XOF,Month,"Income,Gross",,Household,Person,Household Per Capita,All,All,All,,,282.1069088088
Zambia,ZM,ZMB,1991,8.067972,Lower middle income,447.1431066948384,0,77.3,"Deininger & Squire, World Bank 2004",0.1015717,0.4471695,0.9690531,1.601065,2.323724,3.135592,4.352495,6.250975,10.58136,70.23699,0.5487412,2.5701181,5.459316,10.60347,80.81835,,,,Low,Africa,Kwacha,Month,"Income,Gross",,Household,Person,Household Per Capita,All,All,All,,,64.6397083333
Mauritius,MU,MUS,1991,1.07325,Upper middle income,,,37,WB Mauritius 1995,,,,,,,,,,,,,,,,,,,Low,Africa,,,Other,,Household,Household,Without Adjustment,All,All,All,,,
Uganda,UG,UGA,1992,18.935726,Low income,,,40.9,WB Uganda 1995,,,,,,,,,,,,,,,,,,,Average,Africa,,,Expenditure,,Household,Person,Household Adult Equiv,All,All,All,,,
Uganda,UG,UGA,1992,18.935726,Low income,,,35.2,WB Uganda 1995,,,,,,,,,,,,,,,,,,,Average,Africa,,,Expenditure,,Household,Person,Household Adult Equiv,Other,All,All,,,
Uganda,UG,UGA,1992,18.935726,Low income,,,43.9,WB Uganda 1995,,,,,,,,,,,,,,,,,,,Average,Africa,,,Expenditure,,Household,Person,Household Adult Equiv,Other,All,All,,,
Ghana,GH,GHA,1992,15.655847,Lower middle income,1464,0,33.9,World Bank Poverty Monitoring Database 2002,3.42,4.49,5.49,6.47,7.48,8.62,9.99,11.83,14.95,27.26,7.91,11.96,16.1,21.82,42.21,,,,Average,Africa,USD,Month,Expenditure,,Household,Person,Household Per Capita,All,All,All,,,1
Nigeria,NG,NGA,1992,102.444773,Lower middle income,45.81920030291775,0,45,Canagarajan et al 1998,,,,,,,,,,,,,,,,,,,Average,Africa,N85_86,Year,Expenditure,,Household,Person,Household Per Capita,All,All,All,,,17.298425
Uganda,UG,UGA,1992,18.935726,Low income,645.6,0,39.2,World Bank Poverty Monitoring Database 2002,2.62,3.95,4.94,5.91,6.97,8.18,9.66,11.66,14.94,31.17,6.57,10.85,15.15,21.32,46.11,,,,Average,Africa,USD,Month,Expenditure,,Household,Person,Household Per Capita,All,All,All,,,1
Uganda,UG,UGA,1992,18.935726,Low income,,,44.5,"Deininger & Squire, World Bank 2004",1.801775,2.913374,3.816757,4.764605,5.844824,7.155739,8.87277,11.37861,15.97663,37.47491,4.715149,8.581362,13.000563,20.25138,53.45154,,,,Average,Africa,,,Expenditure,,Household,Person,Household Per Capita,All,All,All,,,
Gambia,GM,GMB,1992,1.033748,Low income,,,39,"World Bank, Africa Department",,,,,,,,,,,,,,,,,,,Low,Africa,,,Expenditure,,,Person,,All,All,All,,,
Burundi,BI,BDI,1992,5.835071,Low income,,,33.3,World Bank Poverty Monitoring Database 2002,3.41,4.53,5.54,6.55,7.57,8.72,10.1,11.95,15.04,26.59,7.94,12.09,16.29,22.05,41.63,,,,Low,Africa,,,Expenditure,,Household,Person,Household Per Capita,All,All,All,,,
Central Affrican Republic,CF,CAF,1992,3.084958,Low income,267.61690312705855,132.53527272291404,55,Societe d'Appui a la Gestion Economique (SAGE) 1992,,,,,,,,,,,,,,,,,,,Low,Africa,DMPT,Year,Expenditure,,Household,Person,Household Per Capita,All,All,All,,,264.6918007506
Central Affrican Republic,CF,CAF,1992,3.084958,Low income,,,61.3,World Bank Poverty Monitoring Database 2002,0.69,1.3,2.02,2.91,4.03,5.53,7.62,10.92,17.25,47.73,1.99,4.93,9.56,18.54,64.98,,,,Low,Africa,,,Expenditure,,Household,Person,Household Per Capita,All,All,All,,,
Gambia,GM,GMB,1992,1.033748,Low income,213.94570516162912,0,48.1,"Deininger & Squire, World Bank 2004",,,,,,,,,,,,,,,,,,,Low,Africa,Dalasi,Month,Expenditure,,Household,Person,Household Per Capita,All,All,All,,,8.8957149131
Gambia,GM,GMB,1992,1.033748,Low income,,,47.8,World Bank Poverty Monitoring Database 2002,1.53,2.89,3.91,4.95,6.08,7.41,9.06,11.35,15.23,37.59,4.42,8.86,13.49,20.41,52.82,,,,Low,Africa,,,Expenditure,,Household,Person,Household Per Capita,All,All,All,,,
Ghana,GH,GHA,1992,15.655847,Lower middle income,40.14818083682206,0,35.2,"Deininger & Squire, World Bank 2004",2.487717,3.863375,4.806074,5.745419,6.748811,8.007841,9.661404,11.97285,16.05182,30.65469,6.351092,10.551493,14.756652,21.634254,46.70651,,,,Low,Africa,Cedis,Year,Expenditure,,Household,Person,Household Per Capita,All,All,All,,,436.8516738351
Kenya,KE,KEN,1992,25.04233,Low income,1077.6,0,57.5,World Bank Poverty Monitoring Database 2002,1.24,2.15,2.93,3.79,4.76,5.97,7.52,9.8,13.97,47.87,3.39,6.72,10.73,17.32,61.84,,,,Low,Africa,USD,Month,Expenditure,,Household,Person,Household Per Capita,All,All,All,,,1
Kenya,KE,KEN,1992,25.04233,Low income,363.685650876471,0,56.5,"Deininger & Squire, World Bank 2004",0.9649906,1.822648,2.508379,3.273565,4.213301,5.405683,7.222655,10.10026,15.65499,48.83352,2.7876386,5.781944,9.618984,17.322915,64.48851,,,,Low,Africa,Shilling,Month,Expenditure,,Household,Person,Household Per Capita,All,All,All,,,32.2168333333
Mauritania,MR,MRT,1992,2.10759,Lower middle income,555.056922153246,0,36.8,"Deininger & Squire, World Bank 2004",2.521763,4.023117,5.053796,6.034801,7.040928,8.247282,9.839772,12.03837,15.68392,29.51625,6.54488,11.088597,15.28821,21.878142,45.20017,,,,Low,Africa,Ringgits,Month,Expenditure,,Household,Person,Household Per Capita,All,Employed+Others,All,,,87.02675
Niger,NE,NER,1992,8.299868,Low income,564,0,36.1,World Bank Poverty Monitoring Database 2002,3,4.45,5.4,6.32,7.28,8.39,9.73,11.52,14.47,29.44,7.45,11.72,15.67,21.25,43.91,,,,Low,Africa,USD,Month,Expenditure,,Household,Person,Household Per Capita,All,All,All,,,1
Nigeria,NG,NGA,1992,102.444773,Lower middle income,,,46.7,"Deininger & Squire, World Bank 2004",1.354522,2.383073,3.203596,4.046675,4.989938,6.228488,7.925958,10.46936,15.1561,44.24228,3.737595,7.250271,11.218426,18.395318,59.39838,,,,Low,Africa,,,Expenditure,,Household,Person,Household Per Capita,All,All,All,,,
Tanzania,TZ,TZA,1992,26.508502,Low income,,,34,National Bureau of Statistics Tanzania 2002,,,,,,,,,,,7,12,16,22.1,43,,,,Low,Africa,,,Expenditure,,Household,Person,Household Per Capita,All,All,All,,,
Uganda,UG,UGA,1992,18.935726,Low income,120.89596863504518,0,48.4,"Deininger & Squire, World Bank 2004",1.12283,2.230736,3.20678,4.225991,5.387557,6.863677,8.806859,11.61126,16.47893,40.06538,3.353566,7.432771,12.251234,20.418119,56.54431,,,,Average,Africa,Uganda SH,Month,"Income,Gross",,Household,Person,Household Per Capita,All,All,All,,,1133.8343333333
Central Affrican Republic,CF,CAF,1992,3.084958,Low income,20.165339405542205,0,63.2,"Deininger & Squire, World Bank 2004",0.5115478,1.217274,1.888989,2.602885,3.489923,4.843622,6.887445,10.06862,15.97937,52.51032,1.7288218,4.491874,8.333545,16.956065,68.48969,,,,Low,Africa,,,"Income,Gross",,Household,Person,Household Per Capita,All,All,All,,,264.6918007506
Gambia,GM,GMB,1992,1.033748,Low income,341.2879155478699,0,67.2,"Deininger & Squire, World Bank 2004",0.3274779,0.8176964,1.391216,2.042437,2.85468,3.975476,5.753738,9.178728,15.68596,57.9726,1.1451743,3.433653,6.830156,14.932466,73.65856,,,,Low,Africa,Dalasi,Month,"Income,Gross",,Household,Person,Household Per Capita,All,All,All,,,8.8957149131
Ghana,GH,GHA,1992,15.655847,Lower middle income,22.735405619045583,0,46.1,"Deininger & Squire, World Bank 2004",0.9842968,2.28645,3.374976,4.483076,5.662905,7.088095,9.060882,11.77882,16.92277,38.35773,3.2707468,7.858052,12.751,20.839702,55.2805,,,,Low,Africa,Cedis,Year,"Income,Gross",,Household,Person,Household Per Capita,All,All,All,,,436.8516738351
Mauritania,MR,MRT,1992,2.10759,Lower middle income,266.40084801512177,0,69.1,"Deininger & Squire, World Bank 2004",0.2218005,0.6727313,1.159295,1.832842,2.792932,4.141861,6.11748,8.930917,14.19307,59.93708,0.8945318,2.992137,6.934793,15.048397,74.13015,,,,Low,Africa,Ringgits,Month,"Income,Gross",,Household,Person,Household Per Capita,All,Employed+Others,All,,,87.02675
Nigeria,NG,NGA,1992,102.444773,Lower middle income,,,51.8,"Deininger & Squire, World Bank 2004",0.6274447,1.790898,2.762045,3.726356,4.775702,6.189734,8.019623,10.84053,16.40614,44.86153,2.4183427,6.488401,10.965436,18.860153,61.26767,,,,Low,Africa,,,"Income,Gross",,Household,Person,Household Per Capita,All,All,All,,,
Burundi,BI,BDI,1992,5.835071,Low income,,,33.3,WDI,,,,,,,,,,,7.94,12.09,16.29,22.05,41.63,,,New 2013,Average,Africa,,,Other,,,,,All,All,All,,,
Niger,NE,NER,1992,8.299868,Low income,,,36.1,WDI,,,,,,,,,,,7.45,11.72,15.67,21.25,43.91,,,New 2013,Average,Africa,,,Other,,,,,All,All,All,,,
Madagascar,MG,MDG,1993,12.343496,Low income,1085.8726109158172,0,46.4,"Deininger & Squire, World Bank 2004",1.697205,2.968522,3.909779,4.858439,5.862939,6.953878,8.52544,10.8162,14.83085,39.57676,4.665727,8.768218,12.816817,19.34164,54.40761,,,,High,Africa,M Francs,Month,Expenditure,,Household,Person,Household Per Capita,All,All,All,,,382.7565
Cote D'Ivoire,CI,CIV,1993,13.820229,Lower middle income,1099.2,0,36.9,World Bank Poverty Monitoring Database 2002,3,4.05,5.07,6.09,7.17,8.39,9.89,11.94,15.39,29.01,7.05,11.16,15.56,21.83,44.4,,,,Low,Africa,USD,Month,Expenditure,,Household,Person,Household Per Capita,All,All,All,,,1
Gambia,GM,GMB,1993,1.064522,Low income,186.16654689715895,0,60.9,"Deininger & Squire, World Bank 2004",,,,,,,,,,,,,,,,,,,Low,Africa,Dalasi,Month,Expenditure,,Household,Person,Household Per Capita,All,All,All,,,9.1144194716
Ghana,GH,GHA,1993,16.105502,Lower middle income,,,33.8,World Bank Poverty Monitoring Database 2002,3.44,4.51,5.5,6.48,7.49,8.63,9.99,11.84,14.95,27.17,7.95,11.98,16.12,21.83,42.12,,,,Low,Africa,,,Expenditure,,Household,Person,Household Per Capita,All,All,All,,,
Lesotho,LS,LSO,1993,1.729896,Lower middle income,,,57,Hassan 2002,,,,,,,,,,,,,,,,,,,Low,Africa,,,Expenditure,,Household,Person,Household Per Capita,All,All,All,,,
Lesotho,LS,LSO,1993,1.729896,Lower middle income,962.4,0,57.9,World Bank Poverty Monitoring Database 2002,1.01,1.6,2.31,3.2,4.33,5.86,8.04,11.47,18.06,44.12,2.61,5.51,10.19,19.51,62.18,,,,Low,Africa,USD,Month,Expenditure,,Household,Person,Household Per Capita,All,All,All,,,1
Lesotho,LS,LSO,1993,1.729896,Lower middle income,,,55,Hassan 2002,,,,,,,,,,,,,,,,,,,Low,Africa,,,Expenditure,,Household,Person,Household Per Capita,Other,All,All,,,
Madagascar,MG,MDG,1993,12.343496,Low income,468,0,43.4,World Bank Poverty Monitoring Database 2002,2.27,3.53,4.46,5.41,6.45,7.66,9.18,11.26,14.8,34.98,5.8,9.87,14.11,20.44,49.78,,,,Low,Africa,USD,Month,Expenditure,,Household,Person,Household Per Capita,All,All,All,,,1
Malawi,MW,MWI,1993,9.72162,Low income,,,62,"World Bank, Africa Department",,,,,,,,,,,,,,,,,,,Low,Africa,,,Expenditure,,Household,Person,Household Per Capita,All,All,All,,,
Mauritania,MR,MRT,1993,2.166948,Lower middle income,655.2,0,50,World Bank Poverty Monitoring Database 2002,2.05,3.11,3.89,4.69,5.58,6.63,8.01,9.98,13.57,42.49,5.16,8.58,12.21,17.99,56.06,,,,Low,Africa,USD,Month,Expenditure,,Household,Person,Household Per Capita,All,All,All,,,1
Namibia,NA,NAM,1993,1.558055,Upper middle income,,,74.3,World Bank Poverty Monitoring Database 2002,0.61,0.87,1.19,1.64,2.27,3.19,4.67,7.31,13.25,65,1.48,2.83,5.46,11.98,78.25,,,,Low,Africa,,,Expenditure,,Household,Person,Household Per Capita,All,All,All,,,
South Africa,ZA,ZAF,1993,39.609488,Upper middle income,,,59.3,World Bank Poverty Monitoring Database 2002,1.25,1.7,2.26,2.99,3.97,5.33,7.39,10.78,17.67,46.66,2.95,5.25,9.3,18.17,64.33,,,,Low,Africa,,,Expenditure,,Household,Person,Household Per Capita,All,All,All,,,
Tanzania,TZ,TZA,1993,27.408305,Low income,878.4,0,38.1,World Bank Poverty Monitoring Database 2002,2.9,3.95,4.94,5.96,7.03,8.25,9.74,11.79,15.28,30.16,6.85,10.9,15.28,21.53,45.44,,,,Low,Africa,USD,Month,Expenditure,,Household,Person,Household Per Capita,All,All,All,,,1
Tanzania,TZ,TZA,1993,27.408305,Low income,,,39.5,"Deininger & Squire, World Bank 2004",1.801775,2.913374,3.816757,4.764605,5.844824,7.155739,8.87277,11.37861,15.97663,37.47491,4.715149,8.581362,13.000563,20.25138,53.45154,,,,Low,Africa,,,Expenditure,,Household,Person,Household Per Capita,All,All,All,,,
Zambia,ZM,ZMB,1993,8.478471,Lower middle income,154.44913008138522,0,51.2,"Deininger & Squire, World Bank 2004",0.9921093,2.162934,3.201762,4.373545,5.725585,7.270648,9.197171,11.96409,16.93604,38.17612,3.1550433,7.575307,12.996233,21.161261,55.11216,,,,Low,Africa,Kwacha,Month,Expenditure,,Household,Person,Household Per Capita,All,All,All,,,452.7626666667
Zambia,ZM,ZMB,1993,8.478471,Lower middle income,345.6,0,46.2,World Bank Poverty Monitoring Database 2002,1.53,2.39,3.4,4.58,6.02,7.82,10.21,13.61,19.15,31.29,3.92,7.98,13.84,23.82,50.44,,,,Low,Africa,USD,Month,Expenditure,,Household,Person,Household Per Capita,All,All,All,,,1
Madagascar,MG,MDG,1993,12.343496,Low income,573.8833958404364,0,59.5,"Deininger & Squire, World Bank 2004",0.3972068,1.125309,1.882868,2.835816,4.000418,5.592736,7.800265,11.14543,16.8479,48.37204,1.5225158,4.718684,9.593154,18.945695,65.21994,,,,Average,Africa,M Francs,Month,"Income,Gross",,Household,Person,Household Per Capita,All,All,All,,,382.7565
Gambia,GM,GMB,1993,1.064522,Low income,366.5400753618745,0,67.2,"Deininger & Squire, World Bank 2004",0.3324066,0.7548445,1.226509,1.939821,2.837744,3.938776,5.416543,8.064716,13.78354,61.7051,1.0872511,3.16633,6.77652,13.481259,75.48864,,,,Low,Africa,Dalasi,Month,"Income,Gross",,Household,Person,Household Per Capita,All,All,All,,,9.1144194716
Zambia,ZM,ZMB,1993,8.478471,Lower middle income,226.31724641606004,0,66,"Deininger & Squire, World Bank 2004",0.5232793,1.338783,2.053308,2.846538,3.820564,5.021667,6.654252,9.19052,14.24684,54.30426,1.8620623,4.899846,8.842231,15.844772,68.5511,,,,Low,Africa,Kwacha,Month,"Income,Gross",,Household,Person,Household Per Capita,All,All,All,,,452.7626666667
Cote D'Ivoire,CI,CIV,1993,13.820229,Lower middle income,,,36.9,WDI,,,,,,,,,,,7.05,11.16,15.56,21.83,44.4,,,New 2013,Average,Africa,,,Other,,,,,All,All,All,,,
Guinea-Bissau,GW,GNB,1993,1.080767,Low income,,,47.8,WDI,,,,,,,,,,,5.15,8.88,13.11,19.36,53.5,,,New 2013,Average,Africa,,,Other,,,,,All,All,All,,,
Mauritania,MR,MRT,1993,2.166948,Lower middle income,,,50,WDI,,,,,,,,,,,5.16,8.58,12.21,17.99,56.06,,,New 2013,Average,Africa,,,Other,,,,,All,All,All,,,
Namibia,NA,NAM,1993,1.558055,Upper middle income,,,74.3,WDI,,,,,,,,,,,1.48,2.83,5.46,11.98,78.25,,,New 2013,Average,Africa,,,Other,,,,,All,All,All,,,
South Africa,ZA,ZAF,1993,39.609488,Upper middle income,,,59.3,WDI,,,,,,,,,,,2.95,5.25,9.3,18.17,64.33,,,New 2013,Average,Africa,,,Other,,,,,All,All,All,,,
Botswana,BW,BWA,1994,1.546414,Upper middle income,,,53.7,CSO 2001,,,,,,,,,,,,,,,59.3,,,,Average,Africa,,,"Income,Disposable",,Household,Person,Household Per Capita,All,All,All,,,
Botswana,BW,BWA,1994,1.546414,Upper middle income,,,53.9,CSO 2001,,,,,,,,,,,,,,,,,,,Average,Africa,,,"Income,Disposable",,Household,Person,Household Per Capita,Other,All,All,,,
Botswana,BW,BWA,1994,1.546414,Upper middle income,,,45.1,CSO 2001,,,,,,,,,,,,,,,,,,,Average,Africa,,,"Income,Disposable",,Household,Person,Household Per Capita,Other,All,All,,,
Botswana,BW,BWA,1994,1.546414,Upper middle income,,,41.4,CSO 2001,,,,,,,,,,,,,,,,,,,Average,Africa,,,"Income,Disposable",,Household,Person,Household Per Capita,Other,All,All,,,
Gabon,GA,GAB,1994,1.055707,Upper middle income,,,44.1,World Bank 1997,,,,,,,,,,,,,,,,,,New 2007,Low,Africa,,,"Income,Disposable",,Household,Person,Household Per Capita,Urban,All,All,,,
Burkina Faso,BF,BFA,1994,10.401025,Low income,141.8792035016379,85.84941801277192,,"INSD data, computations Michael Grimm",2.2347526309,3.301743287,4.0415708576,4.7403674967,5.5533499006,6.6852288342,8.3458883181,10.881213576,15.7626020713,38.4532830275,5.5363155073,8.7859201468,12.2497787418,19.2438670326,54.1841185715,0.924291051,26.654977522,New 2013,High,Africa,XOF,Year,Expenditure,,Household,Person,Household Per Capita,All,All,All,,,555.2046956557
Guinea,GN,GIN,1994,7.249558,Low income,867.5629799796403,0,52.6,"Deininger & Squire, World Bank 2004",1.174551,2.08223,2.93175,3.867014,4.938714,6.321788,8.171791,10.76507,15.76007,43.98702,3.256781,6.798764,11.260502,18.936861,59.74709,,,,Average,Africa,Guinean F,Month,Expenditure,,Household,Person,Household Per Capita,All,All,All,,,976.6364166667
Burkina Faso,BF,BFA,1994,10.401025,Low income,,,48.2,World Bank Poverty Monitoring Database 2002,2.5,3.11,3.8,4.59,5.54,6.72,8.31,10.65,14.96,39.82,5.61,8.39,12.26,18.96,54.78,,,,Low,Africa,,,Expenditure,,Household,Person,Household Per Capita,All,All,All,,,
Burkina Faso,BF,BFA,1994,10.401025,Low income,216.55148261670803,0,50.8,"Deininger & Squire, World Bank 2004",1.357767,2.104724,2.671108,3.30046,4.114175,5.243118,6.92855,9.785367,15.76985,48.72488,3.462491,5.971568,9.357293,16.713917,64.49473,,,,Low,Africa,XOF,Month,Expenditure,,Household,Person,Household Per Capita,All,All,All,,,555.2046956557
Gambia,GM,GMB,1994,1.094974,Low income,149.28346815598186,0,59.4,"Deininger & Squire, World Bank 2004",,,,,,,,,,,,,,,,,,,Low,Africa,Dalasi,Month,Expenditure,,Household,Person,Household Per Capita,All,All,All,,,9.5817709601
Guinea,GN,GIN,1994,7.249558,Low income,,,40.4,"World Bank, Africa Department",,,,,,,,,,,,,,,,,,,Low,Africa,,,Expenditure,,Household,Person,Household Per Capita,All,All,All,,,
Guinea,GN,GIN,1994,7.249558,Low income,,,40.3,"World Bank, World Development Indicators 1999",2.6,,,,,,,,,32,6.4,10.4,14.8,21.2,47.2,,,,Low,Africa,,,Expenditure,,Household,Person,Household Per Capita,All,All,All,,,
Guinea-Bissau,GW,GNB,1994,1.103003,Low income,2176.7934083881178,0,40,"Deininger & Squire, World Bank 2004",2.201831,3.30355,4.242496,5.262064,6.394804,7.68651,9.121814,11.24532,14.80463,35.73698,5.505381,9.50456,14.081314,20.367134,50.54161,,,,Low,Africa,G-B PESO,,Expenditure,,Household,Person,Household Per Capita,All,All,All,,,198.3406410256
Kenya,KE,KEN,1994,26.642887,Low income,885.6,0,44.5,World Bank Poverty Monitoring Database 2002,1.84,3.25,4.28,5.33,6.45,7.77,9.38,11.58,15.25,34.87,5.09,9.61,14.22,20.96,50.12,,,,Low,Africa,USD,Month,Expenditure,,Household,Person,Household Per Capita,All,All,All,,,1
Mali,ML,MLI,1994,9.564231,Low income,215.751777564726,0,50.5,"Deininger & Squire, World Bank 2004",1.147717,2.046123,2.91469,3.978798,5.209628,6.695476,8.581024,11.26523,15.9611,42.20021,3.19384,6.893488,11.905104,19.846254,58.16131,,,,Low,Africa,Ringgits,Month,Expenditure,,Household,Person,Household Per Capita,All,All,All,,,555.2046956557
Mali,ML,MLI,1994,9.564231,Low income,,,54,"World Bank, Africa Department",,,,,,,,,,,,,,,,,,,Low,Africa,,,Expenditure,,Household,Person,Household Per Capita,All,All,All,,,
Niger,NE,NER,1994,8.871631,Low income,303.87495156313327,0,49.8,"Deininger & Squire, World Bank 2004",0.8093413,1.979609,3.116911,4.259785,5.547272,7.124675,9.243607,12.15708,17.34241,38.4193,2.7889503,7.376696,12.671947,21.400687,55.76171,,,,Low,Africa,XOF,Month,Expenditure,,Household,Person,Household Per Capita,All,All,All,,,555.2046956557
Senegal,SN,SEN,1994,8.14314,Lower middle income,813.6,0,41.3,World Bank Poverty Monitoring Database 2002,2.62,3.81,4.71,5.63,6.64,7.82,9.28,11.29,14.68,33.52,6.43,10.34,14.46,20.57,48.2,,,,Low,Africa,USD,Month,Expenditure,,Household,Person,Household Per Capita,All,All,All,,,1
Senegal,SN,SEN,1994,8.14314,Lower middle income,677.6916746996125,0,29.3,"Deininger & Squire, World Bank 2004",,,,,,,,,,,,,,,,,,,Low,Africa,XOF,Month,Expenditure,,Household,Person,Household Per Capita,All,All,All,,,555.2046956557
Burkina Faso,BF,BFA,1994,10.401025,Low income,84.04683959830435,0,68.8,"Deininger & Squire, World Bank 2004",0.1930406,0.5451491,0.9382201,1.430046,2.051289,2.902795,4.266208,6.759249,12.13042,68.78358,0.7381897,2.3682661,4.954084,11.025457,80.914,,,,Low,Africa,XOF,Month,"Income,Gross",,Household,Person,Household Per Capita,All,All,All,,,555.2046956557
Gambia,GM,GMB,1994,1.094974,Low income,355.4249015324467,0,69.2,"Deininger & Squire, World Bank 2004",0.35127,0.8192652,1.227932,1.806626,2.599691,3.751765,5.311174,8.122768,14.20273,61.80678,1.1705352,3.034558,6.351456,13.433942,76.00951,,,,Low,Africa,Dalasi,Month,"Income,Gross",,Household,Person,Household Per Capita,All,All,All,,,9.5817709601
Mali,ML,MLI,1994,9.564231,Low income,330.1701182183041,0,78.6,"Deininger & Squire, World Bank 2004",0.1763491,0.5210363,1.034891,1.809781,2.827412,4.11078,5.756565,8.250343,12.84359,62.66925,0.6973854,2.844672,6.938192,14.006908,75.51284,,,,Low,Africa,Ringgits,Month,"Income,Gross",,Household,Person,Household Per Capita,All,All,All,,,555.2046956557
Kenya,KE,KEN,1994,26.642887,Low income,,,42.1,WDI,,,,,,,,,,,5.61,10.12,14.75,21.43,48.09,,,New 2013,Average,Africa,,,Other,,,,,All,All,All,,,
Lesotho,LS,LSO,1994,1.761558,Lower middle income,,,63.2,WDI,,,,,,,,,,,1.48,4.3,9,18.64,66.58,,,New 2013,Average,Africa,,,Other,,,,,All,All,All,,,
Swaziland,SZ,SWZ,1994,0.944404,Lower middle income,,,60.9,"World Bank, World Development Indicators 2000",1,,,,,,,,,50.2,2.7,5.8,10,17.1,64.4,,,Mod 2007,Low,Africa,,,Other,,Household,Person,Household Per Capita,All,All,All,,,
Ethiopia,ET,ETH,1995,57.042197,Low income,3099.020297716368,0,28.7,"Deininger & Squire, World Bank 2004",3.352433,4.718827,5.683843,6.662035,7.623162,8.785278,10.1401,11.98547,14.98487,26.06397,8.07126,12.345878,16.40844,22.12557,41.04884,,,,Average,Africa,Birr,Month,Expenditure,,Household,Person,Household Per Capita,All,All,All,,,6.1583333333
Ethiopia,ET,ETH,1995,57.042197,Low income,710.4,0,40,World Bank Poverty Monitoring Database 2002,2.97,4.2,5.03,5.84,6.72,7.73,9.01,10.78,13.88,33.84,7.17,10.87,14.45,19.79,47.72,,,,Average,Africa,USD,Month,Expenditure,,Household,Person,Household Per Capita,All,All,All,,,1
Mauritania,MR,MRT,1995,2.292053,Lower middle income,,,37.8,World Bank Poverty Monitoring Database 2002,,,,,,,,,,,,,,,,,,,Average,Africa,,,Expenditure,,Household,Person,Household Per Capita,All,All,All,,,
Algeria,DZ,DZA,1995,,Upper middle income,1896,0,35.3,World Bank Poverty Monitoring Database 2002,2.87,4.1,5.22,6.33,7.48,8.75,10.29,12.34,15.73,26.89,6.97,11.55,16.23,22.63,42.62,,,,Low,Africa,USD,Month,Expenditure,,Household,Person,Household Per Capita,All,All,All,,,1
Burkina Faso,BF,BFA,1995,10.692138,Low income,,93.37,39,"World Bank, Africa Department",,,,,,,,,,,,,,,,,,,Low,Africa,,,Expenditure,,Household,Person,Household Per Capita,All,All,All,,,
Cote D'Ivoire,CI,CIV,1995,14.6772,Lower middle income,1022.4,0,36.7,World Bank Poverty Monitoring Database 2002,3.05,4.08,5.08,6.09,7.18,8.4,9.9,11.97,15.45,28.8,7.13,11.17,15.58,21.87,44.25,,,,Low,Africa,USD,Month,Expenditure,,Household,Person,Household Per Capita,All,All,All,,,1
Cote D'Ivoire,CI,CIV,1995,14.6772,Lower middle income,41.47944564307616,0,44.3,"Deininger & Squire, World Bank 2004",1.956365,3.09341,4.165871,5.32148,6.408201,7.817149,9.601728,11.82893,16.49642,33.31044,5.049775,9.487351,14.22535,21.430658,49.80686,,,,Low,Africa,XOF,Year,Expenditure,,Household,Person,Household Per Capita,All,All,All,,,499.1484259013
Ethiopia,ET,ETH,1995,57.042197,Low income,,,44.2,"World Bank, Africa Department",,,,,,,,,,,,,,,,,,,Low,Africa,,,Expenditure,,Household,Person,Household Per Capita,All,All,All,,,
Lesotho,LS,LSO,1995,1.794531,Lower middle income,3409.018536924279,0,67,"Deininger & Squire, World Bank 2004",0.2136982,0.750152,1.419158,2.220311,3.283125,4.65625,6.63113,10.15455,17.40774,53.26389,0.9638502,3.639469,7.939375,16.78568,70.67163,,,,Low,Africa,Maloti,Month,Expenditure,,Household,Person,Household Per Capita,All,All,All,,,3.627085
Morocco,MA,MAR,1995,26.9286,Lower middle income,1466.2592748520558,0,35.6,"Deininger & Squire, World Bank 2004",2.237174,3.762126,4.79182,5.902174,7.023813,8.260627,9.846429,12.08485,16.03098,30.06001,5.9993,10.693994,15.28444,21.931279,46.09099,,,,Low,Africa,Dirham,Year,Expenditure,,Household,Person,Household Per Capita,All,All,All,,,8.5402358333
Niger,NE,NER,1995,9.178575,Low income,434.4,0,50.6,World Bank Poverty Monitoring Database 2002,0.75,1.7,2.94,4.35,5.97,7.86,10.16,13.17,17.8,35.3,2.45,7.29,13.83,23.33,53.1,,,,Low,Africa,USD,Month,Expenditure,,Household,Person,Household Per Capita,All,All,All,,,1
Zimbabwe,ZW,ZWE,1995,11.684693,Low income,603.3737939421482,0,70.3,"Deininger & Squire, World Bank 2004",0.5260863,1.05152,1.538717,2.10195,2.760773,3.581415,4.671953,6.411905,9.916644,67.43903,1.5776063,3.640667,6.342188,11.083858,77.355674,,,,Low,Africa,ZWE$,Month,Expenditure,,Household,Person,Household Per Capita,All,All,All,,,8.6752193293
Ethiopia,ET,ETH,1995,57.042197,Low income,2458.327469566757,0,46.4,"Deininger & Squire, World Bank 2004",1.544286,2.673021,3.502802,4.324489,5.269464,6.399482,7.848781,10.04701,14.17905,44.21162,4.217307,7.827291,11.668946,17.895791,58.39067,,,,Average,Africa,Birr,Month,"Income,Gross",,Household,Person,Household Per Capita,All,All,All,,,6.1583333333
South Africa,ZA,ZAF,1995,41.4024,Upper middle income,,,59,CSO - IES Web 14 June 1999,,,,,,,,,,,,,,,,,,,Average,Africa,,,"Income,Gross",,Household,Person,Household Per Capita,All,All,All,,,
Lesotho,LS,LSO,1995,1.794531,Lower middle income,9226.58277928419,0,68.5,"Deininger & Squire, World Bank 2004",0.3931106,0.8330907,1.327361,1.974746,2.84569,4.147977,6.183329,9.733766,17.01254,55.5484,1.2262013,3.302107,6.993667,15.917095,72.56094,,,,Low,Africa,Maloti,Month,"Income,Gross",,Household,Person,Household Per Capita,All,All,All,,,3.627085
Zimbabwe,ZW,ZWE,1995,11.684693,Low income,516.2290231527045,0,74.6,"Deininger & Squire, World Bank 2004",0.1596038,0.5270655,1.05677,1.747602,2.655153,3.918845,5.699407,8.214993,13.88455,62.13601,0.6866693,2.804372,6.573998,13.9144,76.02056,,,,Low,Africa,ZWE$,Month,"Income,Gross",,Household,Person,Household Per Capita,All,All,All,,,8.6752193293
Algeria,DZ,DZA,1995,,Upper middle income,,,35.3,WDI,,,,,,,,,,,6.97,11.55,16.23,22.63,42.62,,,New 2013,Average,Africa,,,Other,,,,,All,All,All,,,
Swaziland,SZ,SWZ,1995,0.963591,Lower middle income,,,60.7,WDI,,,,,,,,,,,2.74,5.77,9.96,17.2,64.33,,,New 2013,Average,Africa,,,Other,,,,,All,All,All,,,
Tunisia,TN,TUN,1995,8.935523,Upper middle income,,,41.7,WDI,,,,,,,,,,,5.66,9.9,14.74,21.84,47.86,,,New 2013,Average,Africa,,,Other,,,,,All,All,All,,,
Mauritius,MU,MUS,1996,1.150448,Upper middle income,6805.635518761898,5261.848072763154,38.7,Mauritius CSO 2002,,,,,,,,,,,,,,,,,,New 2007,Average,Africa,Rupees,Month,"Income,Disposable",,Household,Household,Without Adjustment,All,All,All,,,17.9480666667
Cameroon,CM,CMR,1996,14.287475,Lower middle income,495.02960989766865,0,47.8,"Deininger & Squire, World Bank 2004",1.513412,2.4404,3.242869,4.198205,5.407003,6.891368,8.956573,11.8464,16.70284,38.80092,3.953812,7.441074,12.298371,20.802973,55.50376,,,,High,Africa,XAF,Month,Expenditure,,Household,Person,Household Per Capita,All,All,All,,,511.5524302725
Djibouti,DJ,DJI,1996,0.644434,Lower middle income,,,38.1,"World Bank, Africa Department",,,,,,,,,,,,,,,,,,,Low,Africa,,,Expenditure,,,Person,,All,All,All,,,
Zambia,ZM,ZMB,1996,9.161931,Lower middle income,,,52.4,"World Bank, Africa Department",,,,,,,,,,,,,,,,,,,Low,Africa,,,Expenditure,,,Person,,All,All,All,,,
Djibouti,DJ,DJI,1996,0.644434,Lower middle income,763.614879502141,0,44.8,"Deininger & Squire, World Bank 2004",1.148208,2.614952,3.595078,4.752321,5.988246,7.488796,9.325573,12.03498,16.70713,36.34472,3.76316,8.347399,13.477042,21.360553,53.05185,,,,Low,Africa,Djiboutian francs,Month,Expenditure,,Household,Person,Household Per Capita,All,All,All,,,177.721
Mozambique,MZ,MOZ,1996,16.412893,Low income,,,39.6,World Bank Poverty Monitoring Database 2002,2.54,3.94,4.94,5.89,6.94,8.12,9.58,11.54,14.79,31.72,6.48,10.83,15.06,21.12,46.51,,,,Low,Africa,,,Expenditure,,Household,Person,Household Per Capita,All,All,All,,,
Nigeria,NG,NGA,1996,112.618306,Lower middle income,,,47.3,"Deininger & Squire, World Bank 2004",1.709665,2.905066,3.782818,4.693291,5.723757,7.047329,8.798296,11.40225,15.95965,37.97787,4.614731,8.476109,12.771086,20.200546,53.93752,,,,Low,Africa,,,Expenditure,,Household,Person,Household Per Capita,All,All,All,,,
Zambia,ZM,ZMB,1996,9.161931,Lower middle income,331.35060849408063,0,51.9,"Deininger & Squire, World Bank 2004",1.251731,2.222273,3.059865,3.947865,5.001491,6.286933,7.97481,10.53857,15.46986,44.2466,3.474004,7.00773,11.288424,18.51338,59.71646,,,,Low,Africa,Kwacha,Month,Expenditure,,Household,Person,Household Per Capita,All,All,All,,,1207.9
Zambia,ZM,ZMB,1996,9.161931,Lower middle income,374.4,0,49.8,World Bank Poverty Monitoring Database 2002,1.63,2.57,3.55,4.6,5.75,7.11,8.82,11.25,15.49,39.23,4.2,8.15,12.86,20.07,54.72,,,,Low,Africa,USD,Month,Expenditure,,Household,Person,Household Per Capita,All,All,All,,,1
Cameroon,CM,CMR,1996,14.287475,Lower middle income,521.781119987671,0,61,"Deininger & Squire, World Bank 2004",0.7055565,1.592251,2.489978,3.42591,4.466606,5.857323,7.567336,10.42468,15.36588,48.10448,2.2978075,5.915888,10.323929,17.992016,63.47036,,,,Average,Africa,XAF,Month,"Income,Gross",,Household,Person,Household Per Capita,All,All,All,,,511.5524302725
Nigeria,NG,NGA,1996,112.618306,Lower middle income,,,52.9,"Deininger & Squire, World Bank 2004",1.439553,2.530447,3.406924,4.270022,5.252515,6.465883,8.201278,10.82457,15.68758,41.92123,3.97,7.676946,11.718398,19.025848,57.60881,,,,Low,Africa,,,"Income,Gross",,Household,Person,Household Per Capita,All,All,All,,,
Zambia,ZM,ZMB,1996,9.161931,Lower middle income,331.936749730938,0,61.4,"Deininger & Squire, World Bank 2004",0.5856417,1.313825,1.990626,2.744855,3.69172,4.910693,6.556373,9.09279,14.36038,54.75309,1.8994667,4.735481,8.602413,15.649163,69.11347,,,,Low,Africa,Kwacha,Month,"Income,Gross",,Household,Person,Household Per Capita,All,All,All,,,1207.9
Mauritania,MR,MRT,1996,2.357678,Lower middle income,,,37.3,WDI,,,,,,,,,,,6.39,11.18,15.96,22.4,44.07,,,New 2013,Average,Africa,,,Other,,,,,All,All,All,,,
Mozambique,MZ,MOZ,1996,16.412893,Low income,,,44.5,WDI,,,,,,,,,,,5.63,9.62,13.86,20.2,50.69,,,New 2013,Average,Africa,,,Other,,,,,All,All,All,,,
Uganda,UG,UGA,1996,21.473592,Low income,,,37.1,WDI,,,,,,,,,,,7.32,11.13,15.31,21.3,44.94,,,New 2013,Average,Africa,,,Other,,,,,All,All,All,,,
Ethiopia,ET,ETH,1997,60.481739,Low income,2468.9158523875594,0,44.1,"Deininger & Squire, World Bank 2004",2.222154,3.302639,4.080804,4.863733,5.704351,6.709516,8.054647,10.05545,13.54539,41.46131,5.524793,8.944537,12.413867,18.110097,55.0067,,,,Low,Africa,Birr,Month,Expenditure,,Household,Person,Household Per Capita,All,All,All,,,6.7093416667
Ghana,GH,GHA,1997,17.85525,Lower middle income,307.2,0,32.7,World Bank Poverty Monitoring Database 2002,3.8,4.68,5.55,6.45,7.44,8.58,9.99,11.93,15.22,26.36,8.48,12,16.02,21.92,41.58,,,,Low,Africa,USD,Month,Expenditure,,Household,Person,Household Per Capita,All,All,All,,,1
Kenya,KE,KEN,1997,28.94478,Low income,,,42.5,"World Bank, World Development Indicators 2004",2.490767,,,,,,,,,33.87014,5.993209,9.82747,14.29071,20.77417,49.11444,,,Mod 2007,Low,Africa,,,Expenditure,,Household,Person,Household Per Capita,All,All,All,,,
Madagascar,MG,MDG,1997,13.981666,Low income,1059.1445529371342,0,40.6,"Deininger & Squire, World Bank 2004",1.962345,3.228792,4.233863,5.220468,6.322479,7.626984,9.42556,12.1936,16.30253,33.48337,5.191137,9.454331,13.949463,21.61916,49.7859,,,,Low,Africa,M Francs,Month,Expenditure,,Household,Person,Household Per Capita,All,All,All,,,1018.1771666667
Malawi,MW,MWI,1997,10.319125,Low income,,,50.3,"World Bank, World Development Indicators 2004",1.9,,,,,,,,,42.2,4.9,8.5,12.3,18.3,56.1,,,,Low,Africa,,,Expenditure,,Household,Person,Household Per Capita,All,All,All,,,
Nigeria,NG,NGA,1997,115.268715,Lower middle income,,,50.6,World Bank Poverty Monitoring Database 2002,1.64,2.72,3.6,4.56,5.62,6.89,8.51,10.8,14.82,40.84,4.36,8.16,12.51,19.31,55.66,,,,Low,Africa,,,Expenditure,,Household,Person,Household Per Capita,All,All,All,,,
Ethiopia,ET,ETH,1997,60.481739,Low income,1986.3647824265602,0,45.9,"Deininger & Squire, World Bank 2004",1.625555,2.816158,3.691709,4.524978,5.478808,6.618058,8.117089,10.28931,14.30915,42.52919,4.441713,8.216687,12.096866,18.406399,56.83834,,,,Low,Africa,Birr,Month,"Income,Gross",,Household,Person,Household Per Capita,All,All,All,,,6.7093416667
South Africa,ZA,ZAF,1997,42.873355,Upper middle income,,,54.5,"Deininger & Squire, World Bank 2004",1.319444,2.265674,2.980397,3.665942,4.374733,5.13089,6.210711,7.957446,11.78555,54.30922,3.585118,6.646339,9.505623,14.168157,66.09477,,,,Low,Africa,,,"Income,Gross",,Household,Person,Household Per Capita,All,All,All,,,
Kenya,KE,KEN,1997,28.94478,Low income,,,42.5,WDI,,,,,,,,,,,5.97,9.86,14.27,20.82,49.08,,,New 2013,Average,Africa,,,Other,,,,,All,All,All,,,
Burkina Faso,BF,BFA,1998,11.621159,Low income,177.90776216747662,115.92133958773013,,"INSD data, computations Michael Grimm",2.4923826983,3.7521953298,4.557916636,5.3249111873,6.1061942966,7.0837421806,8.3575299743,10.3422106779,14.2188488694,37.7640681498,6.2438195163,9.8841287198,13.1900601779,18.7023466842,51.9796449019,1.0003159726,26.8943920297,New 2013,High,Africa,XOF,Year,Expenditure,,Household,Person,Household Per Capita,All,All,All,,,589.9517745673
Cote D'Ivoire,CI,CIV,1998,15.878555,Lower middle income,,,40.8,Cogneau et al. (2013),2.592675,3.76052,4.700894,5.686086,6.677527,7.897687,9.368481,11.60418,15.35395,32.358,6.353195,10.38698,14.57521,20.97266,47.71195,2.308477,1.676225,New 2013,High,Africa,,,Expenditure,,Household,Person,Household Per Capita,All,All,All,,,
Burkina Faso,BF,BFA,1998,11.621159,Low income,220.38682754257562,0,57.5,"Deininger & Squire, World Bank 2004",0.7274427,1.437154,2.103593,2.87254,3.834237,5.091862,7.002783,10.16761,16.70884,50.05394,2.1645967,4.976133,8.926099,17.170393,66.76278,,,Mod 2007,Low,Africa,XOF,Month,Expenditure,,Household,Person,Household Per Capita,All,All,All,,,589.9517745673
Burkina Faso,BF,BFA,1998,11.621159,Low income,,,46.7,"World Bank, World Development Indicators 2004",1.76932,,,,,,,,,46.32036,4.46175,7.441401,10.6416,16.71364,60.74161,,,New 2007,Low,Africa,,,Expenditure,,Household,Person,Household Per Capita,All,All,All,,,
Burundi,BI,BDI,1998,6.223515,Low income,,,42.4,"World Bank, World Development Indicators 2005",1.699233,,,,,,,,,32.76894,5.076573,10.30831,15.08908,21.50452,48.02152,,,New 2007,Low,Africa,,,Expenditure,,Household,Person,Household Per Capita,All,All,All,,,
Gambia,GM,GMB,1998,1.225044,Low income,,,47.5,"World Bank, World Development Indicators 2004",1.825644,,,,,,,,,36.96261,4.791333,8.703651,12.77479,20.29751,53.43271,,,Mod 2007,Low,Africa,,,Expenditure,,Household,Person,Household Per Capita,All,All,All,,,
Ghana,GH,GHA,1998,18.281113,Lower middle income,45.819041533884274,0,43.4,"Deininger & Squire, World Bank 2004",0.8391403,2.091799,3.222469,4.44252,5.853294,7.532103,9.584793,12.33388,16.8828,37.2172,2.9309393,7.664989,13.385397,21.918673,54.1,,,,Low,Africa,Cedis,Year,Expenditure,,Household,Person,Household Per Capita,All,All,All,,,2311.6590058234
Zambia,ZM,ZMB,1998,9.682058,Lower middle income,358.04169465598335,0,54.6,"Deininger & Squire, World Bank 2004",0.8533478,1.897166,2.731416,3.691249,4.815879,6.137194,7.868957,10.42637,15.31433,46.2641,2.7505138,6.422665,10.953073,18.295327,61.57843,,,,Low,Africa,Kwacha,Month,Expenditure,,Household,Person,Household Per Capita,All,All,All,,,1862.0691666667
Burkina Faso,BF,BFA,1998,11.621159,Low income,193.91551128718484,0,69.6,"Deininger & Squire, World Bank 2004",0.2278173,0.6092591,0.9981595,1.427993,1.977345,2.801728,4.236189,7.172256,13.4872,67.06205,0.8370764,2.4261525,4.779073,11.408445,80.54925,,,Mod 2007,Low,Africa,XOF,Month,"Income,Gross",,Household,Person,Household Per Capita,All,All,All,,,589.9517745673
Zambia,ZM,ZMB,1998,9.682058,Lower middle income,401.0557788982883,0,64.7,"Deininger & Squire, World Bank 2004",0.4264319,1.172394,1.889707,2.682827,3.599888,4.757511,6.364762,8.881551,13.65164,56.57329,1.5988259,4.572534,8.357399,15.246313,70.22493,,,,Low,Africa,Kwacha,Month,"Income,Gross",,Household,Person,Household Per Capita,All,All,All,,,1862.0691666667
Burundi,BI,BDI,1998,6.223515,Low income,,,42.4,WDI,,,,,,,,,,,5.14,10.3,15.13,21.45,47.98,,,New 2013,Average,Africa,,,Other,,,,,All,All,All,,,
Gambia,GM,GMB,1998,1.225044,Low income,,,50.2,WDI,,,,,,,,,,,4.02,7.55,12.43,20.75,55.25,,,New 2013,Average,Africa,,,Other,,,,,All,All,All,,,
Malawi,MW,MWI,1998,10.612353,Low income,,,50.3,WDI,,,,,,,,,,,4.84,8.43,12.32,18.43,55.98,,,New 2013,Average,Africa,,,Other,,,,,All,All,All,,,
Kenya,KE,KEN,1999,30.462154,Low income,,,62.5,"Society for International Development, 2004",,,,,,,,,,,,,,,,,,New 2007,Low,Africa,,,"Income,Disposable",,Household,Person,Household Per Capita,All,All,All,,,
Kenya,KE,KEN,1999,30.462154,Low income,,,57,"Society for International Development, 2004",0.76,1.75,2.72,3.83,5.05,6.58,8.52,11.61,16.46,42.72,2.51,6.55,11.63,20.13,59.18,,,New 2007,Low,Africa,,,"Income,Disposable",,Household,Household,Without Adjustment,All,All,All,,,
Ghana,GH,GHA,1999,18.715676,Lower middle income,,,40.8,"World Bank, World Development Indicators 2004",2.1,,,,,,,,,30,5.6,10.1,14.9,22.8,46.6,,,Mod 2007,Low,Africa,,,Expenditure,,Household,Person,Household Per Capita,All,All,All,,,
Lesotho,LS,LSO,1999,1.934337,Lower middle income,,,60,Hassan 2002,,,,,,,,,,,,,,,,,,,Low,Africa,,,Expenditure,,Household,Person,Household Per Capita,All,All,All,,,
Madagascar,MG,MDG,1999,14.892172,Low income,1018.2700685495581,0,40.2,"Deininger & Squire, World Bank 2004",1.99081,3.215293,4.217773,5.289718,6.44284,7.876472,9.748051,12.39212,16.80522,32.0217,5.206103,9.507491,14.319312,22.140171,48.82692,,,,Low,Africa,M Francs,Month,Expenditure,,Household,Person,Household Per Capita,All,All,All,,,1256.755
Morocco,MA,MAR,1999,28.444414,Lower middle income,,,39.5,"World Bank, World Development Indicators 2000",2.6,,,,,,,,,30.9,6.5,10.6,14.8,21.3,46.6,,,,Low,Africa,,,Expenditure,,Household,Person,Household Per Capita,All,All,All,,,
Morocco,MA,MAR,1999,28.444414,Lower middle income,,,39.5,WDI,,,,,,,,,,,6.53,10.52,14.97,21.45,46.53,,,New 2013,Average,Africa,,,Other,,,,,All,All,All,,,
Uganda,UG,UGA,1999,23.482533,Low income,,,43.1,WDI,,,,,,,,,,,5.92,9.91,14.16,20.5,49.51,,,New 2013,Average,Africa,,,Other,,,,,All,All,All,,,
Uganda,UG,UGA,2000,24.21312,Low income,272.8203889143219,0,44.9,"Deininger & Squire, World Bank 2004",2.092731,3.207624,4.058064,4.926402,5.851549,6.983114,8.527797,10.77175,15.27628,38.30469,5.300355,8.984466,12.834663,19.299547,53.58097,,,,Average,Africa,Uganda SH,Month,Expenditure,,Household,Person,Household Per Capita,All,All,All,,,1644.4753333333
Ethiopia,ET,ETH,2000,65.577897,Low income,,,30,"World Bank, World Development Indicators 2004",3.9,,,,,,,,,25.5,9.1,13.2,16.8,21.5,39.4,,,Mod 2007,Low,Africa,,,Expenditure,,Household,Person,Household Per Capita,All,All,All,,,
Mauritania,MR,MRT,2000,2.642743,Lower middle income,,,39,"World Bank, World Development Indicators 2004",2.5,,,,,,,,,29.5,6.2,10.6,15.2,22.3,45.7,,,,Low,Africa,,,Expenditure,,Household,Person,Household Per Capita,All,All,All,,,
South Africa,ZA,ZAF,2000,44.76038,Upper middle income,,,57.8,"World Bank, World Development Indicators 2005",1.353524,,,,,,,,,44.74567,3.474509,6.307262,10.04064,17.99995,62.17764,,,New 2007,Low,Africa,,,Expenditure,,Household,Person,Household Per Capita,All,All,All,,,
Tunisia,TN,TUN,2000,9.456117,Upper middle income,,,39.8,"World Bank, World Development Indicators 2004",2.3,,,,,,,,,31.5,6,10.3,14.8,21.7,47.3,,,,Low,Africa,,,Expenditure,,Household,Person,Household Per Capita,All,All,All,,,
Rwanda,RW,RWA,2000,8.098344,Low income,,,45.1,Ansoms & Marysse 2004,,,,,,,,,,,5,9,14,20,52,,,New 2007,Low,Africa,,,Expenditure,,Household,Household,Without Adjustment,All,All,All,,,
Uganda,UG,UGA,2000,24.21312,Low income,263.74564045351576,0,53.6,"Deininger & Squire, World Bank 2004",1.268289,2.371344,3.239113,4.091287,5.063108,6.202194,7.710544,10.12076,14.88197,45.05139,3.639633,7.3304,11.265302,17.831304,59.93336,,,,Average,Africa,Uganda SH,Month,"Income,Gross",,Household,Person,Household Per Capita,All,All,All,,,1644.4753333333
Angola,AO,AGO,2000,13.926373,Upper middle income,,,58.6,WDI,,,,,,,,,,,2,5.66,10.79,19.69,61.86,,,New 2013,Average,Africa,,,Other,,,,,All,All,All,,,
Ethiopia,ET,ETH,2000,65.577897,Low income,,,30,WDI,,,,,,,,,,,9.16,13.19,16.72,21.52,39.41,,,New 2013,Average,Africa,,,Other,,,,,All,All,All,,,
Mauritania,MR,MRT,2000,2.642743,Lower middle income,,,39,WDI,,,,,,,,,,,6.18,10.53,15.35,22.28,45.66,,,New 2013,Average,Africa,,,Other,,,,,All,All,All,,,
Seychelles,SC,SYC,2000,,Upper middle income,,,42.7,WDI,,,,,,,,,,,5.68,10.11,14.48,20.82,48.91,,,New 2013,Average,Africa,,,Other,,,,,All,All,All,,,
South Africa,ZA,ZAF,2000,44.76038,Upper middle income,,,57.8,WDI,,,,,,,,,,,3.06,5.6,9.88,18.81,62.65,,,New 2013,Average,Africa,,,Other,,,,,All,All,All,,,
Tanzania,TZ,TZA,2000,33.122161,Low income,,,34.6,WDI,,,,,,,,,,,7.33,11.83,16.28,22.25,42.31,,,New 2013,Average,Africa,,,Other,,,,,All,All,All,,,
Tunisia,TN,TUN,2000,9.456117,Upper middle income,,,40.8,WDI,,,,,,,,,,,5.96,10.2,14.89,21.64,47.31,,,New 2013,Average,Africa,,,Other,,,,,All,All,All,,,
Mauritius,MU,MUS,2001,1.208279,Upper middle income,5853.084141352555,4538.529559774852,37.1,Mauritius CSO 2002,,,,,,,,,,,,,,,,,,New 2007,Average,Africa,Rupees,Month,"Income,Disposable",,Household,Household,Without Adjustment,All,All,All,,,29.1292583333
Madagascar,MG,MDG,2001,15.846412,Low income,126.58810631109377,84.4290039466551,45.3,EPM2001,1.9941995452,3.1368377052,4.0437819459,4.9790984432,6.0146688413,7.376352831,9.1422711847,11.9266089852,16.7273364562,34.6588440622,5.1310372504,9.0228803891,13.3910216583,21.0688801699,51.3861805044,0.8053050928,12.2931949487,New 2013,High,Africa,MGA,day,Expenditure,,Household,Person,Household Per Capita,All,All,All,,,1317.6988333333
Tanzania,TZ,TZA,2001,33.973073,Low income,,,35,National Bureau of Statistics Tanzania 2002,,,,,,,,,,,6.9,11.4,15.6,22,44.2,,,,Average,Africa,,,Expenditure,,Household,Person,Household Per Capita,All,All,All,,,
Cameroon,CM,CMR,2001,16.039737,Lower middle income,,,44.6,"World Bank, World Development Indicators 2004",2.3,,,,,,,,,35.4,5.6,9.3,13.7,20.4,50.8,,,Mod 2007,Low,Africa,,,Expenditure,,Household,Person,Household Per Capita,All,All,All,,,
Madagascar,MG,MDG,2001,15.846412,Low income,,,47.5,"World Bank, World Development Indicators 2004",1.9,,,,,,,,,36.6,4.9,8.5,12.7,20.4,53.5,,,,Low,Africa,,,Expenditure,,Household,Person,Household Per Capita,All,All,All,,,
Mali,ML,MLI,2001,11.639798,Low income,,,40.1,"World Bank, World Development Indicators 2007",2.4201248026,,,,,,,,,30.2274819495,6.1487972082,10.2397017655,14.7366495614,22.2280581956,46.6467932693,,,New 2008,Low,Africa,,,Expenditure,,Household,Person,Household Per Capita,All,All,All,,,
Senegal,SN,SEN,2001,9.758841,Lower middle income,,,41.3,"World Bank, World Development Indicators 2007",2.7150414324,,,,,,,,,33.4432558643,6.5575026955,10.251614492,14.2249263711,20.5532211371,48.4127353043,,,New 2008,Low,Africa,,,Expenditure,,Household,Person,Household Per Capita,All,All,All,,,
Swaziland,SZ,SWZ,2001,1.075083,Lower middle income,,,50.4,"World Bank, World Development Indicators 2007",1.6213359817,,,,,,,,,40.6905081849,4.3377742045,8.2028409441,12.2674081662,18.9405057196,56.2514709656,,,New 2008,Low,Africa,,,Expenditure,,Household,Person,Household Per Capita,All,All,All,,,
Cameroon,CM,CMR,2001,16.039737,Lower middle income,,,40.4,WDI,,,,,,,,,,,6.5,10.44,14.72,20.9,47.44,,,New 2013,Average,Africa,,,Other,,,,,All,All,All,,,
Mali,ML,MLI,2001,11.639798,Low income,,,40,WDI,,,,,,,,,,,6.13,10.19,14.95,22.08,46.65,,,New 2013,Average,Africa,,,Other,,,,,All,All,All,,,
Morocco,MA,MAR,2001,29.129204,Lower middle income,,,40.6,WDI,,,,,,,,,,,6.47,10.2,14.55,21.08,47.7,,,New 2013,Average,Africa,,,Other,,,,,All,All,All,,,
Sao Tome And Principe,ST,STP,2001,0.14343,Lower middle income,,,50.8,WDI,,,,,,,,,,,5.23,8.5,12.23,17.69,56.35,,,New 2013,Average,Africa,,,Other,,,,,All,All,All,,,
Senegal,SN,SEN,2001,9.758841,Lower middle income,,,41.3,WDI,,,,,,,,,,,6.57,10.18,14.33,20.53,48.39,,,New 2013,Average,Africa,,,Other,,,,,All,All,All,,,
Swaziland,SZ,SWZ,2001,1.075083,Lower middle income,,,50.7,WDI,,,,,,,,,,,4.45,7.95,12.34,19.36,55.9,,,New 2013,Average,Africa,,,Other,,,,,All,All,All,,,
Somalia,SO,SOM,2002,,Low income,226,0,39.7,Somalia Watching Brief,1.5,2.6,3.7,4.8,6.1,7.5,9.4,12.2,16.6,35.6,4.1,8.5,13.6,21.6,52.2,,,New 2007,Low,Africa,USD,Year,"Income,Disposable",,Household,Person,Household Per Capita,All,All,All,,,1
Uganda,UG,UGA,2002,25.794397,Low income,273.17174121116483,0,36.3,Uganda Statistical Abstract,,,,,,,,,,,,,,,,,,New 2013,High,Africa,Uganda SH,Month,Expenditure,,Household,Person,Household Adult Equiv,Other,All,All,,,1797.5505
Uganda,UG,UGA,2002,25.794397,Low income,330.8235290190734,0,42.8,Uganda Statistical Abstract,,,,,,,,,,,,,,,,,,New 2013,High,Africa,Uganda SH,Month,Expenditure,,Household,Person,Household Adult Equiv,All,All,All,,,1797.5505
Uganda,UG,UGA,2002,25.794397,Low income,692.1952957649868,0,48.3,Uganda Statistical Abstract,,,,,,,,,,,,,,,,,,New 2013,High,Africa,Uganda SH,Month,Expenditure,,Household,Person,Household Adult Equiv,Other,All,All,,,1797.5505
Cote D'Ivoire,CI,CIV,2002,17.180649,Lower middle income,,,46.2,Cogneau et al. (2013),2.065101,3.248089,4.161093,5.033946,5.992394,7.200699,8.777626,11.08087,15.30292,37.13726,5.31319,9.195039,13.19309,19.85849,52.44018,2.466478,1.607529,New 2013,High,Africa,,,Expenditure,,Household,Person,Household Per Capita,All,All,All,,,
Djibouti,DJ,DJI,2002,0.765283,Lower middle income,,,40.9,IMF 2004,,,,,,,,,,,,,,,,,,New 2007,Low,Africa,,,Expenditure,,Household,Person,Household Per Capita,All,All,All,,,
Mozambique,MZ,MOZ,2002,19.200021,Low income,,,47.3,"World Bank, World Development Indicators 2007",2.0897424218,,,,,,,,,39.3878708346,5.422216417,9.2732753809,13.0257656483,18.7264465765,53.5522959773,,,New 2008,Low,Africa,,,Expenditure,,Household,Person,Household Per Capita,All,All,All,,,
Uganda,UG,UGA,2002,25.794397,Low income,,,45.7,"World Bank, World Development Indicators 2007",2.2743725036,,,,,,,,,37.7367969172,5.7001298937,9.414281342,13.2325652423,19.1446128209,52.5084107011,,,New 2008,Low,Africa,,,Expenditure,,Household,Person,Household Per Capita,All,All,All,,,
Cape Verde,CV,CPV,2002,0.45274,Lower middle income,,,50.5,WDI,,,,,,,,,,,4.54,7.91,12.27,19.38,55.9,,,New 2013,Average,Africa,,,Other,,,,,All,All,All,,,
Guinea-Bissau,GW,GNB,2002,1.289526,Low income,,,35.5,WDI,,,,,,,,,,,7.28,11.64,15.99,21.88,43.21,,,New 2013,Average,Africa,,,Other,,,,,All,All,All,,,
Botswana,BW,BWA,2003,1.830127,Upper middle income,5155.468294473907,673.9491140147401,62.6,HIES 2003 Report Vol1,,,,,,,,,,,,,,,,,,New 2013,High,Africa,Pula,Month,"Income,Disposable",,Household,Person,Household Per Capita,All,All,All,,,4.9499286083
Botswana,BW,BWA,2003,1.830127,Upper middle income,5877.902956259492,2695.7964560589603,57.3,HIES 2003 Report Vol1,,,,,,,,,,,,,,,,,,New 2013,High,Africa,Pula,Month,"Income,Disposable",,Household,Household,Without Adjustment,All,All,All,,,4.9499286083
Burkina Faso,BF,BFA,2003,13.395599,Low income,224.1705602905823,148.89874959740723,,"INSD data, computations Michael Grimm",2.3994384144,3.5355731058,4.3703934636,5.1924160595,6.1285084314,7.2247738217,8.6965478832,10.7314625893,14.7370116718,36.9838745593,5.9358531628,9.5668074871,13.3586147911,19.4340711612,51.7046533978,0.9954228684,25.9326717107,New 2013,High,Africa,XOF,Year,Expenditure,,Household,Person,Household Per Capita,All,All,All,,,581.2003138642
Sierra Leone,SL,SLE,2003,4.73002,Low income,,,39,Statistics Sierra Leone,,,,,,,,,,,7,,,,47,,,New 2007,Low,Africa,,,Expenditure,,Household,Person,Household Adult Equiv,All,All,All,,,
Benin,BJ,BEN,2003,7.164976,Low income,,,36.5,"World Bank, World Development Indicators 2007",3.0858195093,,,,,,,,,29.0353564903,7.3685793655,11.2734654327,15.4385466248,21.4659401558,44.4534684211,,,New 2008,Low,Africa,,,Expenditure,,Household,Person,Household Per Capita,All,All,All,,,
Burkina Faso,BF,BFA,2003,13.395599,Low income,,,39.5,"World Bank, World Development Indicators 2007",2.7689855487,,,,,,,,,32.2191523272,6.8908508935,10.8655724261,14.5001014296,20.5297823373,47.2136929135,,,New 2008,Low,Africa,,,Expenditure,,Household,Person,Household Per Capita,All,All,All,,,
Guinea,GN,GIN,2003,8.743954,Low income,,,38.6,"World Bank, World Development Indicators 2007",2.9334466859,,,,,,,,,30.7403673786,6.9910597135,10.7661413464,14.7472686496,21.3747612136,46.1207690769,,,New 2008,Low,Africa,,,Expenditure,,Household,Person,Household Per Capita,All,All,All,,,
Nigeria,NG,NGA,2003,133.067097,Lower middle income,,,43.7,"World Bank, World Development Indicators 2007",1.8589209622,,,,,,,,,33.1572590336,5.0461265216,9.5910749726,14.4765145408,21.714039441,49.1722445239,,,New 2008,Low,Africa,,,Expenditure,,Household,Person,Household Per Capita,All,All,All,,,
Zambia,ZM,ZMB,2003,10.938261,Lower middle income,,,42.1,"World Bank, World Development Indicators 2007",2.59,,,,,,,,,33.86,6.16,10.04,14.37,20.64,48.79,,,New 2008,Low,Africa,,,Expenditure,,Household,Person,Household Per Capita,All,All,All,,,
Benin,BJ,BEN,2003,7.164976,Low income,,,38.6,WDI,,,,,,,,,,,6.99,10.84,15.03,21.03,46.11,,,New 2013,Average,Africa,,,Other,,,,,All,All,All,,,
Central Affrican Republic,CF,CAF,2003,3.890075,Low income,,,43.6,WDI,,,,,,,,,,,5.21,9.38,14.29,21.72,49.4,,,New 2013,Average,Africa,,,Other,,,,,All,All,All,,,
Chad,TD,TCD,2003,9.153893,Low income,,,39.8,WDI,,,,,,,,,,,6.26,10.4,15.03,21.75,46.56,,,New 2013,Average,Africa,,,Other,,,,,All,All,All,,,
Gambia,GM,GMB,2003,1.417818,Low income,,,47.3,WDI,,,,,,,,,,,4.79,8.56,13.24,20.57,52.84,,,New 2013,Average,Africa,,,Other,,,,,All,All,All,,,
Guinea,GN,GIN,2003,8.743954,Low income,,,40.3,WDI,,,,,,,,,,,6.4,10.57,14.85,21.06,47.12,,,New 2013,Average,Africa,,,Other,,,,,All,All,All,,,
Lesotho,LS,LSO,2003,2.028976,Lower middle income,,,52.5,WDI,,,,,,,,,,,2.97,7.21,12.52,20.95,56.35,,,New 2013,Average,Africa,,,Other,,,,,All,All,All,,,
Mozambique,MZ,MOZ,2003,19.721009,Low income,,,47.1,WDI,,,,,,,,,,,5.43,9.2,13.06,19.02,53.29,,,New 2013,Average,Africa,,,Other,,,,,All,All,All,,,
Zambia,ZM,ZMB,2003,10.938261,Lower middle income,,,42.1,WDI,,,,,,,,,,,6.16,10.04,14.37,20.64,48.79,,,New 2013,Average,Africa,,,Other,,,,,All,All,All,,,
Malawi,MW,MWI,2004,12.472794,Low income,,,39,"World Bank, World Development Indicators 2007",2.9251422275,,,,,,,,,31.7862470066,6.9975128269,10.8466332125,14.8112781747,20.7374687164,46.6071070694,,,New 2008,Low,Africa,,,Expenditure,,Household,Person,Household Per Capita,All,All,All,,,
Zambia,ZM,ZMB,2004,11.192422,Lower middle income,,,50.8,"World Bank, World Development Indicators 2007",1.2036646757,,,,,,,,,38.8184682503,3.6064103837,7.8791805003,12.6169614005,20.7950967229,55.1023509927,,,New 2008,Low,Africa,,,Expenditure,,Household,Person,Household Per Capita,All,All,All,,,
Zambia,ZM,ZMB,2004,11.192422,Lower middle income,126.13009364313073,0,57,Zambia Living Condiitons Monitoring Survey,1.2,2.7,4.2,5.9,6.9,9.2,10.6,14.4,17.2,27.7,3.9,10.1,16.1,25,44.9,,,New 2013,High,Africa,Kwacha,Month,Other,,Household,Household,Without Adjustment,All,All,All,,,4778.8753864358
Zambia,ZM,ZMB,2004,11.192422,Lower middle income,1909.9782400493907,0,50,Zambia Living Condiitons Monitoring Survey,0.2,0.9,1.6,3.4,4.2,7.3,9.4,15.9,21.3,35.7,1.1,5,11.5,25.3,57,,,New 2013,High,Africa,Kwacha,Month,Other,,Household,Household,Without Adjustment,Other,All,All,,,4778.8753864358
Zambia,ZM,ZMB,2004,11.192422,Lower middle income,839.4644504409267,0,55,Zambia Living Condiitons Monitoring Survey,2.6,5.4,8.1,9.6,10.8,12,12.3,12.4,11.1,15.7,8,17.7,22.8,24.7,26.8,,,New 2013,High,Africa,Kwacha,Month,Other,,Household,Household,Without Adjustment,Other,All,All,,,4778.8753864358
Comoros,KM,COM,2004,0.625876,Low income,,,64.3,WDI,,,,,,,,,,,2.55,5.35,8.94,15.14,68.02,,,New 2013,Average,Africa,,,Other,,,,,All,All,All,,,
Malawi,MW,MWI,2004,12.472794,Low income,,,39,WDI,,,,,,,,,,,7.01,10.78,14.89,20.79,46.53,,,New 2013,Average,Africa,,,Other,,,,,All,All,All,,,
Mauritania,MR,MRT,2004,2.964526,Lower middle income,,,41.3,WDI,,,,,,,,,,,6.3,10.32,14.56,20.8,48.02,,,New 2013,Average,Africa,,,Other,,,,,All,All,All,,,
Namibia,NA,NAM,2004,2.043339,Upper middle income,,,63.9,WDI,,,,,,,,,,,3.15,5.03,8.24,14.96,68.62,,,New 2013,Average,Africa,,,Other,,,,,All,All,All,,,
Nigeria,NG,NGA,2004,136.399438,Lower middle income,,,42.9,WDI,,,,,,,,,,,5.13,9.67,14.68,21.91,48.61,,,New 2013,Average,Africa,,,Other,,,,,All,All,All,,,
Uganda,UG,UGA,2005,28.431204,Low income,670.7041913745735,0,43.2,Uganda Statistical Abstract,,,,,,,,,,,,,,,,,,New 2013,High,Africa,Uganda SH,Month,Expenditure,,Household,Person,Household Adult Equiv,Other,All,All,,,1780.6657768939
Uganda,UG,UGA,2005,28.431204,Low income,316.9443740219801,0,36.3,Uganda Statistical Abstract,,,,,,,,,,,,,,,,,,New 2013,High,Africa,Uganda SH,Month,Expenditure,,Household,Person,Household Adult Equiv,Other,All,All,,,1780.6657768939
Uganda,UG,UGA,2005,28.431204,Low income,371.26787552080384,266.502566712875,40.8,Uganda Statistical Abstract,,,,,,,,,,,,,,,,,,New 2013,High,Africa,Uganda SH,Month,Expenditure,,Household,Person,Household Adult Equiv,All,All,All,,,1780.6657768939
Madagascar,MG,MDG,2005,17.885967,Low income,114.2181973855407,84.11474140581619,41,EPM2005,2.3713422982,3.7222897636,4.7519712564,5.7461754489,6.7649868938,7.9822477712,9.4635427986,11.5575887022,15.1386740721,32.5011809949,6.0936320619,10.4981467053,14.747234665,21.0211315008,47.639855067,1.4155482452,10.5418591655,New 2013,High,Africa,MGA,day,Expenditure,,Household,Person,Household Per Capita,All,All,All,,,2003.0258333333
Congo,CG,COG,2005,3.533177,Lower middle income,,,47.3,WDI,,,,,,,,,,,4.96,8.44,13.01,20.45,53.14,,,New 2013,Average,Africa,,,Other,,,,,All,All,All,,,
Ethiopia,ET,ETH,2005,74.263861,Low income,,,29.8,WDI,,,,,,,,,,,9.26,13.22,16.78,21.33,39.41,,,New 2013,Average,Africa,,,Other,,,,,All,All,All,,,
Gabon,GA,GAB,2005,1.370729,Upper middle income,,,41.5,WDI,,,,,,,,,,,6.16,10.12,14.54,21,48.18,,,New 2013,Average,Africa,,,Other,,,,,All,All,All,,,
Kenya,KE,KEN,2005,35.614576,Low income,,,47.7,WDI,,,,,,,,,,,4.84,8.68,13.2,20.08,53.2,,,New 2013,Average,Africa,,,Other,,,,,All,All,All,,,
Niger,NE,NER,2005,12.993884,Low income,,,43.9,WDI,,,,,,,,,,,5.85,9.78,13.91,20.14,50.32,,,New 2013,Average,Africa,,,Other,,,,,All,All,All,,,
Senegal,SN,SEN,2005,10.871908,Lower middle income,,,39.2,WDI,,,,,,,,,,,6.22,10.61,15.32,21.97,45.88,,,New 2013,Average,Africa,,,Other,,,,,All,All,All,,,
Tunisia,TN,TUN,2005,9.912114,Upper middle income,,,41.4,WDI,,,,,,,,,,,5.92,10.14,14.74,21.32,47.88,,,New 2013,Average,Africa,,,Other,,,,,All,All,All,,,
Ghana,GH,GHA,2006,22.170556,Lower middle income,702.7101907421517,0,,Ghana Living Standards Survey Report,,,,,,,,,,,7.1,10.8,14.7,21,46.3,,,New 2013,High,Africa,Cedis,Year,Expenditure,,Household,Person,Household Per Capita,All,All,All,,,0.9164517727
Malawi,MW,MWI,2006,13.195329,Low income,311.2263637964207,249.67366913521178,34,Integrated Household Survey,,,,,,,,,,,,,,,,,,New 2013,High,Africa,MK,Year,Expenditure,,Household,Person,Household Per Capita,Other,All,All,,,136.0135416667
Malawi,MW,MWI,2006,13.195329,Low income,355.56018472416673,261.9003928836101,39,Integrated Household Survey,,,,,,,,,,,6.997373917,10.8492380224,14.8160708009,20.7444014805,46.6078038089,,,New 2013,High,Africa,MK,Year,Expenditure,,Household,Person,Household Per Capita,All,All,All,,,136.0135416667
Malawi,MW,MWI,2006,13.195329,Low income,702.1286177079298,419.5979260642443,48,Integrated Household Survey,,,,,,,,,,,,,,,,,,New 2013,High,Africa,MK,Year,Expenditure,,Household,Person,Household Per Capita,Other,All,All,,,136.0135416667
Kenya,KE,KEN,2006,36.540948,Low income,,,45.9,KIHBS,,,,,,,,,,,,,,,,,,New 2013,High,Africa,,,Expenditure,,Household,Household,Without Adjustment,All,All,All,,,
Kenya,KE,KEN,2006,36.540948,Low income,,,38,KIHBS,2,4,5,6,7,9,10,12,16,29,6,11,16,22,45,,,New 2013,High,Africa,,,Expenditure,,Household,Household,Without Adjustment,Other,All,All,,,
Kenya,KE,KEN,2006,36.540948,Low income,,,44.7,KIHBS,2,3,4,5,6,7,9,10,14,39,5,9,13,19,53,,,New 2013,High,Africa,,,Expenditure,,Household,Household,Without Adjustment,Other,All,All,,,
Burundi,BI,BDI,2006,7.474363,Low income,,,33.3,WDI,,,,,,,,,,,8.96,11.86,15.43,21,42.75,,,New 2013,Average,Africa,,,Other,,,,,All,All,All,,,
"Congo, The Drc",CD,COD,2006,59.088415,,,,44.4,WDI,,,,,,,,,,,5.47,9.2,13.79,20.94,50.6,,,New 2013,Average,Africa,,,Other,,,,,All,All,All,,,
Mali,ML,MLI,2006,13.592796,Low income,,,39,WDI,,,,,,,,,,,6.52,10.67,15.18,21.62,46.01,,,New 2013,Average,Africa,,,Other,,,,,All,All,All,,,
Rwanda,RW,RWA,2006,9.441406,Low income,,,53.1,WDI,,,,,,,,,,,4.6,7.87,11.5,17.42,58.61,,,New 2013,Average,Africa,,,Other,,,,,All,All,All,,,
South Africa,ZA,ZAF,2006,48.330914,Upper middle income,,,67.4,WDI,,,,,,,,,,,2.45,4.06,7.08,14.2,72.21,,,New 2013,Average,Africa,,,Other,,,,,All,All,All,,,
Togo,TG,TGO,2006,5.529908,Low income,,,34.4,WDI,,,,,,,,,,,7.62,11.74,16.09,22.15,42.4,,,New 2013,Average,Africa,,,Other,,,,,All,All,All,,,
Mauritius,MU,MUS,2007,1.27565,Upper middle income,7312.975468969708,0,38.8,HBS,3.2,4.6,5.6,6.3,7.3,8.4,9.9,11.5,14.9,28.3,7.8,11.9,15.7,21.4,43.2,,,New 2013,High,Africa,Rupees,Month,"Income,Disposable",,Household,Household,Without Adjustment,All,All,All,,,31.31365625
Cameroon,CM,CMR,2007,18.350022,Lower middle income,,,39,IMF Cameroon Poverty Reduction Paper,,,,,,,,,,,,,,,,,,New 2013,High,Africa,,,Expenditure,,Household,Person,Household Per Capita,All,All,All,,,
Cameroon,CM,CMR,2007,18.350022,Lower middle income,,,35.2,IMF Cameroon Poverty Reduction Paper,,,,,,,,,,,,,,,,,,New 2013,High,Africa,,,Expenditure,,Household,Person,Household Per Capita,Other,All,All,,,
Cameroon,CM,CMR,2007,18.350022,Lower middle income,,,32.2,IMF Cameroon Poverty Reduction Paper,,,,,,,,,,,,,,,,,,New 2013,High,Africa,,,Expenditure,,Household,Person,Household Per Capita,Other,All,All,,,
Morocco,MA,MAR,2007,31.011199,Lower middle income,,,41,Morocco Statistical Website,,,,,,,,,,,,,,,,,,New 2013,High,Africa,,,Expenditure,,Household,Person,Household Per Capita,Other,All,All,,,
Morocco,MA,MAR,2007,31.011199,Lower middle income,,,33,Morocco Statistical Website,,,,,,,,,,,,,,,,,,New 2013,High,Africa,,,Expenditure,,Household,Person,Household Per Capita,Other,All,All,,,
Morocco,MA,MAR,2007,31.011199,Lower middle income,,,41,Morocco Statistical Website,,,,,,,,,,,,,,,,,,New 2013,High,Africa,,,Expenditure,,Household,Person,Household Per Capita,All,All,All,,,
Seychelles,SC,SYC,2007,,Upper middle income,14806.016786344573,11571.90136349282,39.9,"NSB, Household Budget Survey 2006/2007",,,,,,,,,,,,,,,,,,New 2013,High,Africa,Seychelle Rs,Month,Expenditure,,Household,Person,Household Per Capita,All,All,All,,,6.7010595376
Tanzania,TZ,TZA,2007,39.928762,Low income,194.8089086646998,144.49708879384423,35,Tanzania HBS Report 2007,,,,,,,,,,,7.2,12,16.3,22.3,42.2,,,New 2013,High,Africa,Tzshilling,Month,Expenditure,,Household,Person,Household Per Capita,All,All,All,,,1245.0354640478
Tanzania,TZ,TZA,2007,39.928762,Low income,158.24127560147642,129.23005379855013,33,Tanzania HBS Report 2009,,,,,,,,,,,,,,,,,,New 2013,High,Africa,Tzshilling,Month,Expenditure,,Household,Person,Household Per Capita,Other,All,All,,,1245.0354640478
Tanzania,TZ,TZA,2007,39.928762,Low income,261.1973790230242,206.14352555514543,35,Tanzania HBS Report 2008,,,,,,,,,,,,,,,,,,New 2013,High,Africa,Tzshilling,Month,Expenditure,,Household,Person,Household Per Capita,Other,All,All,,,1245.0354640478
Mauritius,MU,MUS,2007,1.27565,Upper middle income,5480.037164296328,0,,HBS,4.6300699301,5.8104895105,6.5055944056,7.3678321678,7.7986013986,8.7300699301,10.0356643357,11.593006993,14.1958041958,23.3566433566,10.4405594406,13.8734265734,16.5286713287,21.6286713287,37.5524475524,,,New 2013,High,Africa,Rupees,Month,Expenditure,,Household,Household,Without Adjustment,All,All,All,,,31.31365625
Guinea,GN,GIN,2007,9.373619,Low income,,,39.4,WDI,,,,,,,,,,,6.35,10.46,15.1,21.88,46.21,,,New 2013,Average,Africa,,,Other,,,,,All,All,All,,,
Liberia,LR,LBR,2007,3.477197,Low income,,,38.2,WDI,,,,,,,,,,,6.44,11.35,15.66,21.6,44.95,,,New 2013,Average,Africa,,,Other,,,,,All,All,All,,,
South Africa,ZA,ZAF,2008,49.319363,Upper middle income,3181.0058800943566,1456.2007967401769,59.4,Luxembourg Income Study,0.495,1.038,1.533,2.052,2.694,3.683,5.325,8.645,16.903,57.632,1.5329999924,3.5850000381,6.376999855,13.970000267,74.5350036621,,,New 2013,High,Africa,LCU,Year,"Income,Disposable",,Household,Person,Household Per Capita,All,All,All,,,8.2612233333
Cote D'Ivoire,CI,CIV,2008,18.987007,Lower middle income,,,44.7,Cogneau et al. (2013),1.918923,3.209659,4.228218,5.180131,6.283978,7.601338,9.289189,11.58863,15.90298,34.79696,5.128582,9.408349,13.88532,20.87782,50.69993,2.140843,1.471925,New 2013,High,Africa,,,Expenditure,,Household,Person,Household Per Capita,All,All,All,,,
Mozambique,MZ,MOZ,2008,22.3329,Low income,,,36.7,Third National Poverty assesment reportPoverty,,,,,,,,,,,,,,,,,,New 2013,High,Africa,,,Expenditure,,Household,Person,Household Per Capita,Other,All,All,,,
Mozambique,MZ,MOZ,2008,22.3329,Low income,361.0192615188517,0,41.4,Third National Poverty assesment reportPoverty,,,,,,,,,,,,,,,,,,New 2013,High,Africa,New Mozambican Meticais millions,Year,Expenditure,,Household,Person,Household Per Capita,All,All,All,,,24.3006424729
Mozambique,MZ,MOZ,2008,22.3329,Low income,,,48.1,Third National Poverty assesment reportPoverty,,,,,,,,,,,,,,,,,,New 2013,High,Africa,,,Expenditure,,Household,Person,Household Per Capita,Other,All,All,,,
Mauritania,MR,MRT,2008,3.295254,Lower middle income,,,38,Statistical Yearbook 2012,2.1,,,,,,,,,28.1,6.3,,,,44.2,,,New 2013,Not known,Africa,,,Expenditure,,Household,Household,Without Adjustment,All,All,All,,,
Central Affrican Republic,CF,CAF,2008,4.237961,Low income,,,56.3,WDI,,,,,,,,,,,3.37,6.87,11.12,18.04,60.6,,,New 2013,Average,Africa,,,Other,,,,,All,All,All,,,
Niger,NE,NER,2008,14.450007,Low income,,,34.5,WDI,,,,,,,,,,,8.09,11.83,15.77,21.25,43.06,,,New 2013,Average,Africa,,,Other,,,,,All,All,All,,,
Uganda,UG,UGA,2009,32.367909,Low income,706.5414557878727,0,44.7,Uganda Statistical Abstract,,,,,,,,,,,,,,,,,,New 2013,High,Africa,Uganda SH,Month,Expenditure,,Household,Person,Household Adult Equiv,Other,All,All,,,2030.4880743342
Uganda,UG,UGA,2009,32.367909,Low income,369.6352662628187,255.68630841145713,42.6,Uganda Statistical Abstract,,,,,,,,,,,,,,,,,,New 2013,High,Africa,Uganda SH,Month,Expenditure,,Household,Person,Household Adult Equiv,All,All,All,,,2030.4880743342
Uganda,UG,UGA,2009,32.367909,Low income,310.07520209467276,0,37.5,Uganda Statistical Abstract,,,,,,,,,,,,,,,,,,New 2013,High,Africa,Uganda SH,Month,Expenditure,,Household,Person,Household Adult Equiv,Other,All,All,,,2030.4880743342
Angola,AO,AGO,2009,18.555115,Upper middle income,975.5425248278877,0,43,"Integrated Survey on the Welfare of Population Vol. I
",,,,,,,,,,,5,10,14,22,49,,,New 2013,High,Africa,kwanza,Month,Expenditure,,Household,Person,Household Per Capita,All,All,All,,,79.3281666667
Angola,AO,AGO,2009,18.555115,Upper middle income,1273.5451258374922,0,39,"Integrated Survey on the Welfare of Population Vol. I
",,,,,,,,,,,6,11,15,22,45,,,New 2013,High,Africa,kwanza,Month,Expenditure,,Household,Person,Household Per Capita,Other,All,All,,,79.3281666667
Angola,AO,AGO,2009,18.555115,Upper middle income,614.3089150761439,0,38,"Integrated Survey on the Welfare of Population Vol. I
",,,,,,,,,,,6,11,15,22,45,,,New 2013,High,Africa,kwanza,Month,Expenditure,,Household,Person,Household Per Capita,Other,All,All,,,79.3281666667
Angola,AO,AGO,2009,18.555115,Upper middle income,1326.1872096706609,0,55,"Integrated Survey on the Welfare of Population Vol. I
",,,,,,,,,,,3,7,12,19,59,,,New 2013,High,Africa,kwanza,Month,Other,,Household,Person,Household Per Capita,All,All,All,,,79.3281666667
Angola,AO,AGO,2009,18.555115,Upper middle income,902.6302133118322,0,50,"Integrated Survey on the Welfare of Population Vol. I
",,,,,,,,,,,4,8,13,20,55,,,New 2013,High,Africa,kwanza,Month,Other,,Household,Person,Household Per Capita,Other,All,All,,,79.3281666667
Angola,AO,AGO,2009,18.555115,Upper middle income,1675.6217316666944,0,55,"Integrated Survey on the Welfare of Population Vol. I
",,,,,,,,,,,3,7,12,19,59,,,New 2013,High,Africa,kwanza,Month,Other,,Household,Person,Household Per Capita,Other,All,All,,,79.3281666667
Burkina Faso,BF,BFA,2009,15.984479,Low income,,,39.8,WDI,,,,,,,,,,,6.72,10.58,14.79,20.87,47.04,,,New 2013,Average,Africa,,,Other,,,,,All,All,All,,,
South Africa,ZA,ZAF,2009,49.751503,Upper middle income,,1673.71,63.1,WDI,,,,,,,,,,,2.7,4.63,8.16,16.3,68.21,,,New 2013,Average,Africa,,,Other,,,,,All,All,All,,,
South Sudan,SS,SSD,2009,,Lower middle income,,,45.5,WDI,,,,,,,,,,,,,,,,,,New 2013,Average,Africa,,,Other,,,,,All,All,All,,,
Sudan,SD,SDN,2009,33.516534,Lower middle income,,,35.3,WDI,,,,,,,,,,,6.81,11.65,16.4,22.73,42.41,,,New 2013,Average,Africa,,,Other,,,,,All,All,All,,,
South Africa,ZA,ZAF,2010,50.132817,Upper middle income,3967.7802631787254,1891.2143455531216,59.4,Luxembourg Income Study,,,,,,,,,,,,,,,,,,New 2013,High,Africa,LCU,Year,"Income,Disposable",,Household,Person,Household Per Capita,All,All,All,,,7.3212219612
Botswana,BW,BWA,2010,2.006945,Upper middle income,3045.2095465654193,0,43.8,Botswana Core welfare indicators survey 2009/10,,,,,,,,,,,,,,,,,,New 2013,High,Africa,Pula,Month,Expenditure,,Household,Person,Household Per Capita,Other,All,All,,,6.793621156
Botswana,BW,BWA,2010,2.006945,Upper middle income,5724.781984001464,0,51,Botswana Core welfare indicators survey 2009/10,,,,,,,,,,,,,,,,,,New 2013,High,Africa,Pula,Month,Expenditure,,Household,Person,Household Per Capita,Other,All,All,,,6.793621156
Botswana,BW,BWA,2010,2.006945,Upper middle income,5380.341229024517,0,49.5,Botswana Core welfare indicators survey 2009/10,,,,,,,,,,,,,,,,,,New 2013,High,Africa,Pula,Month,Expenditure,,Household,Person,Household Per Capita,All,All,All,,,6.793621156
Ethiopia,ET,ETH,2010,82.949541,Low income,279.2584697841942,0,27.4,Household and Consumption Expenditure Survey 2010/11,,,,,,,,,,,10.2570549357,15.437752761,19.6788273632,23.9226113391,30.6159848076,,,New 2013,High,Africa,Birr,Year,Expenditure,,Household,Person,Household Per Capita,Other,All,All,,,14.409589808
Ethiopia,ET,ETH,2010,82.949541,Low income,330.32168600367976,0,29.8,Household and Consumption Expenditure Survey 2010/11,,,,,,,,,,,7.98,12.73,16.89,22.43,39.98,,,New 2013,High,Africa,Birr,Year,Expenditure,,Household,Person,Household Per Capita,All,All,All,,,14.409589808
Ethiopia,ET,ETH,2010,82.949541,Low income,587.5947971328956,0,37.1,Household and Consumption Expenditure Survey 2010/11,,,,,,,,,,,2.2927848445,5.9087363734,10.3139212699,18.9284909471,62.4786521631,,,New 2013,High,Africa,Birr,Year,Expenditure,,Household,Person,Household Per Capita,Other,All,All,,,14.409589808
Madagascar,MG,MDG,2010,20.713819,Low income,161.40721069882056,120.36555898466472,39.3,EPM2010,2.645874459,4.0458312622,5.0557288829,5.964025394,6.9299840621,8.0402827009,9.4344452016,11.3031696398,14.6538664414,31.9267919615,6.6917057212,11.0197542715,14.9702667576,20.7376148468,46.5806584029,1.0743186862,10.1974658718,New 2013,High,Africa,MGA,day,Expenditure,,Household,Person,Household Per Capita,All,All,All,,,2089.95
Namibia,NA,NAM,2010,2.283289,Upper middle income,1988.6024596929003,0,59.7,NHIES,2.4,3.3,3.9,4.5,5.1,6.1,7.5,10.6,14.6,41.9,5.7,8.4,11.2,18.1,56.5,,,New 2013,High,Africa,Namibia Dollars,Year,Expenditure,,Household,Person,Household Per Capita,All,All,All,,,7.3212219612
Nigeria,NG,NGA,2010,158.423182,Lower middle income,,,44.7,Harmonized Nigeria Living Standards Survey 2009/10,,,,,,,,,,,,,,,,,,New 2013,High,Africa,,,Expenditure,,Household,Person,Household Per Capita,All,All,All,,,
Nigeria,NG,NGA,2010,158.423182,Lower middle income,,,44.7,Harmonized Nigeria Living Standards Survey 2009/10,,,,,,,,,,,,,,,,,,New 2013,High,Africa,,,Expenditure,,Household,Person,Household Per Capita,Other,All,All,,,
Nigeria,NG,NGA,2010,158.423182,Lower middle income,,,43.3,Harmonized Nigeria Living Standards Survey 2009/10,,,,,,,,,,,,,,,,,,New 2013,High,Africa,,,Expenditure,,Household,Person,Household Per Capita,Other,All,All,,,
Nigeria,NG,NGA,2010,158.423182,Lower middle income,995.6,0,48.8,World Bank ,,,,,,,,,,,4.41,8.27,12.98,20.33,54.01,,,New 2013,High,Africa,USD,Year,Other,,Household,Person,Household Per Capita,All,All,All,,,1
Mali,ML,MLI,2010,15.369809,Low income,,,33,WDI,,,,,,,,,,,7.97,11.99,16.33,22.41,41.3,,,New 2013,Average,Africa,,,Other,,,,,All,All,All,,,
Swaziland,SZ,SWZ,2010,1.186056,Lower middle income,,,51.5,WDI,,,,,,,,,,,4.05,7.37,12,19.97,56.61,,,New 2013,Average,Africa,,,Other,,,,,All,All,All,,,
Ethiopia,ET,ETH,2011,84.734262,Low income,,,30.5,CEQ project,,,,,,,,,,,,,,,,,,New 2013,High,Africa,,,"Income,Disposable",,Household,Person,Household Per Capita,All,All,All,,,
South Africa,ZA,ZAF,2011,50.459978,Upper middle income,,,69.4,CEQ project,0.54,1,1.38,1.86,2.54,3.62,5.45,9.09,17.86,56.66,1.54,3.24,6.16,14.54,74.52,,,New 2013,High,Africa,,,"Income,Disposable",,Household,Person,Household Per Capita,All,All,All,,,
Rwanda,RW,RWA,2011,10.94295,Low income,206.37956766788815,0,49,Intergrated Housing Living cond survey,,,,,,,,,,,,,,,,,,New 2013,High,Africa,Rwf,Year,Expenditure,,Household,Person,Household Adult Equiv,All,All,All,,,600.3065196811
Malawi,MW,MWI,2011,15.380888,Low income,75.92860587012801,463.0149898016078,49.1,Integrated Household Survey,,,,,,,,,,,,,,,,,,New 2013,High,Africa,MK,Year,Expenditure,,Household,Person,Household Per Capita,Other,All,All,,,156.5154511111
Malawi,MW,MWI,2011,15.380888,Low income,275.08466221292167,211.499885570418,37.5,Integrated Household Survey,,,,,,,,,,,,,,,,,,New 2013,High,Africa,MK,Year,Expenditure,,Household,Person,Household Per Capita,Other,All,All,,,156.5154511111
Malawi,MW,MWI,2011,15.380888,Low income,348.6428950791943,233.73411212949284,45.2,Integrated Household Survey,,,,,,,,,,,5.5567365489,9.4044128427,13.4884914235,20.0740360651,51.4799882715,,,New 2013,High,Africa,MK,Year,Expenditure,,Household,Person,Household Per Capita,All,All,All,,,156.5154511111
Zimbabwe,ZW,ZWE,2011,12.754378,Low income,804,571.2,37,Zimbabwe PICES 2011,,,,,,,,,,,,,,,,,,New 2013,High,Africa,USD,Month,Expenditure,,Household,Person,Household Per Capita,Other,All,All,,,1
Zimbabwe,ZW,ZWE,2011,12.754378,Low income,1370.4,1046.4,39,Zimbabwe PICES 2011,,,,,,,,,,,,,,,,,,New 2013,High,Africa,USD,Month,Expenditure,,Household,Person,Household Per Capita,Other,All,All,,,1
Zimbabwe,ZW,ZWE,2011,12.754378,Low income,948,662.4,42.3,Zimbabwe PICES 2011,,,,,,,,,,,,,,,,,,New 2013,High,Africa,USD,Month,Expenditure,,Household,Person,Household Per Capita,All,All,All,,,1
Senegal,SN,SEN,2011,12.767556,Lower middle income,,,37.8,IMF Working paper by Alexei Kireyev,,,,,,,,,,,6.6,13,18.4,24.6,37.4,,,New 2013,Not known,Africa,,,Expenditure,,Household,Person,Household Per Capita,All,All,All,,,
Ethiopia,ET,ETH,2011,84.734262,Low income,,,32.3,CEQ project,,,,,,,,,,,,,,,,,,New 2013,High,Africa,,,"Income,Gross",,Household,Person,Household Per Capita,All,All,All,,,
South Africa,ZA,ZAF,2011,50.459978,Upper middle income,,,77.1,CEQ project,0.1,0.2,0.5,0.8,1.5,2.7,4.5,8.3,17.7,63.7,0.3,1.3,4.2,12.8,81.4,,,New 2013,High,Africa,,,"Income,Gross",,Household,Person,Household Per Capita,All,All,All,,,
Senegal,SN,SEN,2011,12.767556,Lower middle income,890.4,0,40.3,"PovCalNet,World Bank",2.48,3.57,4.62,5.69,6.85,8.17,9.77,11.99,15.76,31.1,6.05,10.31,15.02,21.76,46.86,,,New 2013,Not known,Africa,USD,Month,Other,,Household,Person,Household Per Capita,All,All,All,,,1
